Field,LocalizationKey,English,TemplateCount,Categories,Templates
description,Consumable_FoodManaForDurationDesc,Restores [HealValue] mana over [Duration]s.,12,food,ItemTemplate_Crafting_Alchemy_BurdockRoot | ItemTemplate_Crafting_Alchemy_Chanterelle | ItemTemplate_Crafting_Alchemy_DevilsSnare | ItemTemplate_Crafting_Alchemy_Etherbloom | ItemTemplate_Crafting_Alchemy_KingTrumpet | ItemTemplate_Crafting_Alchemy_Milkweed | ItemTemplate_Crafting_Alchemy_Rosemary | ItemTemplate_Crafting_Alchemy_SheepsHead | ItemTemplate_Crafting_Alchemy_SnailSlime | ItemTemplate_Crafting_Alchemy_StrangeToe | ItemTemplate_Crafting_Alchemy_SweetTooth | ItemTemplate_Crafting_Alchemy_UmbilicalCord
description,NameSkill_Consumable_DecreaseStatPercForDuration,Decreases [StatEnum] by [LoseValueCalculated:P0] for [Duration]s.,1,potion,ItemTemplate_Alchemy_SlowfallPotion
description,NameSkill_Consumable_EssenceOfCold,Each arrow hit within [DurationCalculated]s of drinking deals an extra [DamagePercent:P0] Damage and an additional [FlatBonus] cold Damage.,1,potion,ItemTemplate_Alchemy_EssenceOfCold
description,NameSkill_Consumable_EssenceOfFire,Each arrow hit within [DurationCalculated]s of drinking deals an extra [DamagePercent:P0] Damage and an additional [FlatBonus] fire Damage.,1,potion,ItemTemplate_Alchemy_EssenceOfFire
description,NameSkill_Consumable_FoodHealAndIncreaseForDurationDesc ,"Increases [StatEnum] by [AddValueCalculated] for [DurationCalculated_0]s.
Restores [HealValue_1] health over [DurationCalculated_1]s.",2,food,ItemTemplate_Cooking_Custom_GrandmasPowermilk | ItemTemplate_Cooking_Custom_WyrddeerStew
description,NameSkill_Consumable_FoodHealForDurationDesc,Restores [HealValue] health over [DurationCalculated]s.,107,food,ItemTemplate_Consumable_Quest_GreatMistake | ItemTemplate_Cooking_Custom_AppleFritters | ItemTemplate_Cooking_Custom_AppleOatmeal | ItemTemplate_Cooking_Custom_BeefStew | ItemTemplate_Cooking_Custom_BeggarsFare | ItemTemplate_Cooking_Custom_Broth | ItemTemplate_Cooking_Custom_CabbageRolls | ItemTemplate_Cooking_Custom_CheeseBallDoom | ItemTemplate_Cooking_Custom_CheeseBun | ItemTemplate_Cooking_Custom_CheesePie | ItemTemplate_Cooking_Custom_CottagePie | ItemTemplate_Cooking_Custom_CoughSyrup | ItemTemplate_Cooking_Custom_Custard | ItemTemplate_Cooking_Custom_FishSoup | ItemTemplate_Cooking_Custom_FishermansBreath | ItemTemplate_Cooking_Custom_FriedCheese | ItemTemplate_Cooking_Custom_FriedFish | ItemTemplate_Cooking_Custom_FriedPotatoesAndOnions | ItemTemplate_Cooking_Custom_GrandmasSecret | ItemTemplate_Cooking_Custom_HeartyOmelet | ItemTemplate_Cooking_Custom_HoneyedApples | ItemTemplate_Cooking_Custom_HuntersDelicacy | ItemTemplate_Cooking_Custom_HuntersStew | ItemTemplate_Cooking_Custom_KamelotsDelicacy | ItemTemplate_Cooking_Custom_MashedPotatoes | ItemTemplate_Cooking_Custom_Noodles | ItemTemplate_Cooking_Custom_Oatmeal | ItemTemplate_Cooking_Custom_OatmealMilk | ItemTemplate_Cooking_Custom_Pancake | ItemTemplate_Cooking_Custom_PeasantsStew | ItemTemplate_Cooking_Custom_PorkAspic | ItemTemplate_Cooking_Custom_PoultryStew | ItemTemplate_Cooking_Custom_Roast | ItemTemplate_Cooking_Custom_Scones | ItemTemplate_Cooking_Custom_ScrambledEggsMeat | ItemTemplate_Cooking_Custom_ScrambledEggsVegetables | ItemTemplate_Cooking_Custom_SewalsDelight | ItemTemplate_Cooking_Custom_Shortbread | ItemTemplate_Cooking_Custom_SimpleMeal | ItemTemplate_Cooking_Custom_SoS_DeepSeaTangle | ItemTemplate_Cooking_Custom_SoS_FishStew | ItemTemplate_Cooking_Custom_SoS_ReefboundsDelight | ItemTemplate_Cooking_Custom_SoS_SailorsRevenge | ItemTemplate_Cooking_Custom_SoS_SarrasBloodSausage_Quest | ItemTemplate_Cooking_Custom_SoS_SeaSalad | ItemTemplate_Cooking_Custom_SoS_SeaSoup | ItemTemplate_Cooking_Custom_SoS_SeaweedCake_Quest | ItemTemplate_Cooking_Custom_SoS_SwamOfViridianWailcaps | ItemTemplate_Cooking_Custom_SourHerringAndCheese | ItemTemplate_Cooking_Custom_SouthernStyleCrab | ItemTemplate_Cooking_Custom_TheKraken | ItemTemplate_Cooking_Custom_VenisonStew | ItemTemplate_Cooking_Generic_Bread | ItemTemplate_Cooking_Generic_Foodstuff_1 | ItemTemplate_Cooking_Generic_Foodstuff_2 | ItemTemplate_Cooking_Generic_Foodstuff_3 | ItemTemplate_Cooking_Generic_Foodstuff_4 | ItemTemplate_Cooking_Generic_Foodstuff_5 | ItemTemplate_Cooking_Generic_Foodstuff_Delicious_1 | ItemTemplate_Cooking_Generic_Foodstuff_Delicious_2 | ItemTemplate_Cooking_Generic_Foodstuff_Delicious_3 | ItemTemplate_Cooking_Generic_Foodstuff_Delicious_4 | ItemTemplate_Cooking_Generic_Foodstuff_Tasty_1 | ItemTemplate_Cooking_Generic_Foodstuff_Tasty_2 | ItemTemplate_Cooking_Generic_Foodstuff_Tasty_3 | ItemTemplate_Cooking_Generic_Foodstuff_Tasty_4 | ItemTemplate_Cooking_Generic_Foodstuff_Tasty_5 | ItemTemplate_Cooking_ZZZ_Generic_CookedFruits | ItemTemplate_Cooking_ZZZ_Generic_CookedMeat | ItemTemplate_Cooking_ZZZ_Generic_CookedSeafood | ItemTemplate_Cooking_ZZZ_Generic_CookedVegetable | ItemTemplate_Crafting_Alchemy_Brittlegill | ItemTemplate_Crafting_Alchemy_Carnation | ItemTemplate_Crafting_Alchemy_Daffodil | ItemTemplate_Crafting_Alchemy_Mistletoe | ItemTemplate_Crafting_Alchemy_PennyBun | ItemTemplate_Crafting_Alchemy_Rose | ItemTemplate_Crafting_Alchemy_Sage | ItemTemplate_Crafting_Alchemy_WhiteButton | ItemTemplate_Crafting_Cooking_Algae | ItemTemplate_Crafting_Cooking_Apple | ItemTemplate_Crafting_Cooking_Beef | ItemTemplate_Crafting_Cooking_Blueberry | ItemTemplate_Crafting_Cooking_Butter | ItemTemplate_Crafting_Cooking_Cabbage | ItemTemplate_Crafting_Cooking_CanineMeat | ItemTemplate_Crafting_Cooking_Carrot | ItemTemplate_Crafting_Cooking_Cheese | ItemTemplate_Crafting_Cooking_Crab | ItemTemplate_Crafting_Cooking_Egg | ItemTemplate_Crafting_Cooking_FishGeneric | ItemTemplate_Crafting_Cooking_Flour | ItemTemplate_Crafting_Cooking_Garlic | ItemTemplate_Crafting_Cooking_Groats | ItemTemplate_Crafting_Cooking_Honey | ItemTemplate_Crafting_Cooking_Lettuce | ItemTemplate_Crafting_Cooking_Milk | ItemTemplate_Crafting_Cooking_Oats | ItemTemplate_Crafting_Cooking_Onion | ItemTemplate_Crafting_Cooking_Parsley | ItemTemplate_Crafting_Cooking_Pork | ItemTemplate_Crafting_Cooking_Potato | ItemTemplate_Crafting_Cooking_Poultry | ItemTemplate_Crafting_Cooking_Raspberry | ItemTemplate_Crafting_Cooking_Seaweed | ItemTemplate_Crafting_Cooking_Tomato | ItemTemplate_Crafting_Cooking_Venison
description,NameSkill_Consumable_HealOverTimeFlat_Desc,Restores [HealValueCalculated] [StatEnum] over [Duration]s.,2,food | potion,ItemTemplate_Alchemy_SmallStaminaPotion | ItemTemplate_Alchemy_StrongHealingTincture
description,NameSkill_Consumable_IncreaseStatFlatDesc,Increases [StatEnum] by [AddValueCalculated] for [DurationCalculated_0]s.,4,food | potion,ItemTemplate_Alchemy_VigorTea | ItemTemplate_Crafting_Alchemy_FishEye | ItemTemplate_Crafting_Alchemy_FishEye 1 | ItemTemplate_Crafting_Alchemy_Peppermint
description,NameSkill_Consumable_LockStatForDuration,Locks [Stat] at 100% for [DurationCalculated]s.,2,potion,ItemTemplate_Alchemy_LovingWitchBrew | ItemTemplate_Alchemy_PlentifulResourcePotion
description,NameSkill_Consumable_RapidShooterMixture,"Consumption increases [StatToModify] by [ModifyValue:P0], but consumes [Cost] [StatToPay] per second.",1,potion,ItemTemplate_Alchemy_RapidShooterMixture
description,NameSkill_Consumable_StatIncreasePercForDurationDesc,Increases [StatEnum] by [AddValueCalculated:P0] for [DurationCalculated]s.,8,potion,ItemTemplate_Alchemy_BloodSuckerPotion | ItemTemplate_Alchemy_ElixirOfFastWalking | ItemTemplate_Alchemy_Fireball | ItemTemplate_Alchemy_PrecisionPotion | ItemTemplate_Alchemy_SoS_FullSailMaxStamina | ItemTemplate_Alchemy_SoS_MindLikeWaterMaxHealth | ItemTemplate_Alchemy_SoS_SoundAsABellMaxMana | ItemTemplate_Alchemy_SwiftHands
description,Template/description_locString_2543871262668956605_003fc08832cbfe84abf3405771d46a22,"A potion created by people studying monsters. Increases Endurance, but causes Poison.",1,potion,ItemTemplate_Alchemy_LivingFlesh
description,Template/description_locString_2543871262668956605_01a4bc1a25b18b64a8e2b2631210bfa6,,1,potion,ItemTemplate_Alchemy_Buff_IgniteSword
description,Template/description_locString_2543871262668956605_01b62c68c9f825e49b8e204c6f0656a1,Increase Spirituality but sacrifice other stats.,1,potion,ItemTemplate_Alchemy_TheudTribesGuide
description,Template/description_locString_2543871262668956605_034976618607389459ac39918ba29297,Apply Corruption ([BuildupCalculated]) to weapon.,1,potion,ItemTemplate_Alchemy_RustbaneBrew
description,Template/description_locString_2543871262668956605_04266a72c491dc34daa8bda9c4f05206,"Coats weapon, inflicting Bleed build-up.",1,potion,ItemTemplate_CrazyConsumable_BleederRogue
description,Template/description_locString_2543871262668956605_078c94e2243e63c48a518f5e4b0d0e61,Consumption leads to inebriation.,1,food,ItemTemplate_Crafting_Alchemy_Wine_Blueberry
description,Template/description_locString_2543871262668956605_0a533f2f76213424f9897d258a588fda,"Coats weapon for [{BuffDuration}]s, inflicting <k=StatusBleed>Bleed</k>.",1,potion,ItemTemplate_CrazyConsumable_BleederRogue
description,Template/description_locString_2543871262668956605_0f1184db835422f4093c694265dd833f,,1,food,ItemTemplate_Crafting_Cooking_WyrdVenison
description,Template/description_locString_2543871262668956605_1828b3c545c6db2468591868a8a097ab,Consumption leads to inebriation.,1,food,ItemTemplate_Crafting_Alchemy_Brandy
description,Template/description_locString_2543871262668956605_200559185946f1541a9ce1fdcaba5934,"Increase [StatEnum_0] by [LoseValueCalculated_0] for [DurationCalculated_0] seconds.
Decrease [StatEnum_1] by [LoseValueCalculated_1] for [DurationCalculated_1] seconds.
Lose [HealValueCalculated_2] [StatEnum_2].",1,potion,ItemTemplate_Alchemy_LastDitchEffort
description,Template/description_locString_2543871262668956605_22b78e03b1a5b2f46be509218809838a,Restores [HealValueCalculated] [StatEnum].,1,potion,ItemTemplate_Alchemy_GreatManaPotion
description,Template/description_locString_2543871262668956605_235f7ed1994d1cc49b6e947c19fab873,"Does nothing.
Unless you don’t know that.",1,potion,ItemTemplate_Alchemy_ElixirOfYouth
description,Template/description_locString_2543871262668956605_2401daf603c7dea4996fd5be51eee651,"Consumption leads to Suffering.
Lose [HealValueCalculated] [StatEnum].",1,food,ItemTemplate_Crafting_Alchemy_SpoiledMeat
description,Template/description_locString_2543871262668956605_24227a141c98ea24398f90e97b51c033,Increase [StatEnum] by [AddValueCalculated] for [DurationCalculated] seconds.,1,potion,ItemTemplate_Alchemy_GreaterStagfatherBrew
description,Template/description_locString_2543871262668956605_24a294e97e786dd4dbc36a814e296b7d,Apply Burn ([BuildupCalculated]) to weapon.,1,potion,ItemTemplate_Alchemy_Heartburn
description,Template/description_locString_2543871262668956605_24c46f41f2f1ed14a9adb9edaccc63b1,Restores [HealValueCalculated:P0] of [MaxStatEnum].,1,food,ItemTemplate_Crafting_Alchemy_Wyrdplasm
description,Template/description_locString_2543871262668956605_259846749625c19478642c3bd9364a93,"Increases [StatEnum] by [AddValueCalculated] for [DurationCalculated]s.
Increases [StatEnum_1_0] by [AddValueCalculated_1_0] for [DurationCalculated]s.
Increases [StatEnum_2_0] by [AddValueCalculated_2_0] for [DurationCalculated]s.",1,potion,ItemTemplate_Alchemy_RejuvenationPotion
description,Template/description_locString_2543871262668956605_25fec1096702b6248ba146603ef5322b,"Restores [HealValue] health over [Duration]s.
Restores [HealPercent]% [StatEnum_1] over [Duration]s.",1,food,ItemTemplate_Crafting_Alchemy_Brain
description,Template/description_locString_2543871262668956605_26ee21ac7445f5941855e34dfed2d70b,"Coats weapon, inflicting Mute build-up.",1,potion,ItemTemplate_Alchemy_SilentDraught
description,Template/description_locString_2543871262668956605_28e42deb95292114bacc33413798893a,,1,potion,ItemTemplate_Alchemy_SoothingBalm
description,Template/description_locString_2543871262668956605_29de8192c5e756048970aa5ed178596d,Increases Movement Speed by 20% for [DurationCalculated]s.,1,potion,ItemTemplate_Alchemy_SwiftSteps
description,Template/description_locString_2543871262668956605_2c629bc3eae087040ab9d3d4c1da54a3,Apply Poison ([BuildupCalculated]) to weapon.,1,potion,ItemTemplate_Alchemy_SneakyFishermansDraught
description,Template/description_locString_2543871262668956605_2d6b81dc173e17147b41555e1b32677f,Apply Weak ([BuildupCalculated]) to weapon.,1,potion,ItemTemplate_Alchemy_HangmansFruitDecoction
description,Template/description_locString_2543871262668956605_30be4a8bfca6a994d8f6ab6da199f84f,Apply Corruption ([BuildupCalculated]) to weapon.,1,potion,ItemTemplate_Alchemy_HangmansBlood
description,Template/description_locString_2543871262668956605_31a749bc3251d7641b38f1ffdd585372,Applying to a weapon has a [ChanceToApply:P0] chance to inflict <k=StatusStun>Stun</k>.,1,potion,ItemTemplate_Alchemy_DraughtofParalysis
description,Template/description_locString_2543871262668956605_33a0cb9259582ab4085c2d454515e4f0,Consumption leads to insobriety.,1,food,ItemTemplate_Crafting_Alchemy_Ale
description,Template/description_locString_2543871262668956605_33e7f3cf8ed69a448aea698c81cd9cd3,,1,potion,ItemTemplate_Alchemy_ZZZ_Trash
description,Template/description_locString_2543871262668956605_34a437fae52f44c4ea5b4173a019b079,"Gets people Drunk, yet increases their [StatEnum_0].",1,potion,ItemTemplate_Alchemy_DruidsTincture
description,Template/description_locString_2543871262668956605_35a8fe60617b2534ba76ca85cb6b14b6,A sharp tonic that scours away the remnants of ill-advised amorous encounters.,1,potion,ItemTemplate_Alchemy_SoS_Quest_TheDiscreetRemedy
description,Template/description_locString_2543871262668956605_35da1e8888fcd8942843505a81487bbc,Increase [StatEnum] by [AddValueCalculated] for [DurationCalculated] seconds.,1,potion,ItemTemplate_Alchemy_OgresStrength
description,Template/description_locString_2543871262668956605_38c6e42bc3d9a1b48af5687e0513bb59,"Restores [HealValue] health over [Duration]s.
Increases [StatEnum_1] by [AddValueCalculated_1] for [DurationCalculated_1]s.",1,food,ItemTemplate_Crafting_Alchemy_Heart
description,Template/description_locString_2543871262668956605_3bb217ff58f9cff40ba4adcca79e16e1,"Consumption leads to Suffering.
Increase [StatEnum_0] by [AddValueCalculated] for [DurationCalculated_0] seconds.
Set [StatEnum_1] to [SetValueCalculated] for [DurationCalculated_1] seconds.",1,potion,ItemTemplate_Alchemy_FireintheBelly
description,Template/description_locString_2543871262668956605_3db2b9233ad67cd40a31470a86757f37,"For [DurationCalculated]s, there is no movement penalty while walking with a drawn bow.",1,potion,ItemTemplate_Alchemy_AgileHunter
description,Template/description_locString_2543871262668956605_3eea26a9ede973445a872f37b76f4677,Apply Confusion ([BuildupCalculated]) to weapon.,1,potion,ItemTemplate_Alchemy_TangledThoughts
description,Template/description_locString_2543871262668956605_3f4893c9b7ae98b4f89c80735338d737,Applying to a weapon has a [ChanceToApply:P0] chance to inflict <k=StatusStun>Stun</k>.,1,potion,ItemTemplate_Alchemy_LiquidConcussion
description,Template/description_locString_2543871262668956605_428e1bcf58e468c49bc2a93d20911470,"Lose [HealValueCalculated_0] [StatEnum_0].
Increase [StatEnum_1] by [AddValueCalculated_1] for [DurationCalculated_1] seconds.",1,potion,ItemTemplate_Alchemy_ResidueStrength
description,Template/description_locString_2543871262668956605_44e3c9189aa7c0c46a09a4f6717c4afb,,1,potion,ItemTemplate_Alchemy_DrunkWolf
description,Template/description_locString_2543871262668956605_46af841360253864b9d5f91d28410f4e,"Greatly reduces HP, but locks [Stat] at 100% for [DurationCalculated] seconds.",1,potion,ItemTemplate_Alchemy_MadDog
description,Template/description_locString_2543871262668956605_4a558caedf9a2984c8ac0ca8f577fc61,Increase [StatEnum] by [AddValueCalculated] for [DurationCalculated] seconds.,1,potion,ItemTemplate_Alchemy_GrindylowsWits
description,Template/description_locString_2543871262668956605_4b32dc4de7598cf499dccd719df441c9,"Increase [StatEnum_0] by [AddValueCalculated_0] for [DurationCalculated_0] seconds.
Decrease [StatEnum_1] by [LoseValueCalculated_1] for [DurationCalculated_1] seconds.",1,potion,ItemTemplate_Alchemy_PromiseofSpring
description,Template/description_locString_2543871262668956605_4caee2a948f38654c865e47534bf3f6d,Apply Poison ([BuildupCalculated]) to weapon.,1,potion,ItemTemplate_Alchemy_PoisonousCoating
description,Template/description_locString_2543871262668956605_4eea9eb9dbd4ab9409496e5109892470,Apply Mute ([BuildupCalculated]) to weapon.,1,potion,ItemTemplate_Alchemy_TongueTwister
description,Template/description_locString_2543871262668956605_4fdfdfd353392814aba0c101353e333c,"Coats weapon for [{BuffDuration}] seconds, inflicting <k=StatusPoison>Poison</k> build-up.",1,potion,ItemTemplate_CrazyConsumable_MossfromaCursedWell
description,Template/description_locString_2543871262668956605_52888713cac14f2469594082d2496a75,Consumption leads to Suffering.,1,potion,ItemTemplate_Alchemy_ToxicRelationship
description,Template/description_locString_2543871262668956605_535a34c98b80fad49a7a0a17db8a7cd3,It looks somewhat edible...,1,food,ItemTemplate_Consumable_Quest_EtherbloomCrumble
description,Template/description_locString_2543871262668956605_54d4087cb88c5234db2b6f7b8f0ba0ef,A curious potion that increases your [StatEnum_0] at the cost of all other skills.,1,potion,ItemTemplate_Alchemy_AmbiguousBlessingsPotion
description,Template/description_locString_2543871262668956605_5521207f755551242bcb660030a1ba00,,1,potion,ItemTemplate_Alchemy_Antidote
description,Template/description_locString_2543871262668956605_58a57e9e43d2a7344a71ab3ff7383166,"Consumption leads to insobriety.
Increase [StatEnum] by [AddValueCalculated] for [DurationCalculated] seconds.",1,potion,ItemTemplate_Alchemy_LiquidGrace
description,Template/description_locString_2543871262668956605_5919764dc15c915479a90f05032a273f,You shoot an additional arrow when using bows for [DurationCalculated]s.,1,potion,ItemTemplate_Alchemy_TrickshotPotion
description,Template/description_locString_2543871262668956605_5e3f4ac26a2b7374fbf156a94c6a10b4,"Restores [HealValue_0] health over [DurationCalculated_0]s.
Increases [StatEnum_1] by [AddValueCalculated_1] for [Duration_1]s.",1,food,ItemTemplate_Cooking_Custom_DamnGoodFish
description,Template/description_locString_2543871262668956605_5f0ac81d3381624409bbf69a47dc5c35,Increases [StatEnum_0] at the cost of [StatEnum_1].,1,potion,ItemTemplate_Alchemy_MonstrousDebris
description,Template/description_locString_2543871262668956605_5f83be37ddaa7fc44a50c5544d7bb94a,"Consumption leads to Suffering.
Lose [HealValueCalculated] [StatEnum].",1,food,ItemTemplate_Crafting_Alchemy_Wyrdmeat
description,Template/description_locString_2543871262668956605_5ff275913bfb2614dbeb30f2eaf5fc1d,"Increases Endurance, but causes Poison.",1,potion,ItemTemplate_Alchemy_IronBlood
description,Template/description_locString_2543871262668956605_63ed977fddc14a347a95932e086bd7d8,Consumption leads to inebriation.,1,food,ItemTemplate_Crafting_Alchemy_Wine
description,Template/description_locString_2543871262668956605_64141b6fc1102e5499eee571cb2dd5cc,,1,food,ItemTemplate_Crafting_Alchemy_Fine_Wine
description,Template/description_locString_2543871262668956605_64e1bc7d2bca64446adde4d1741e33f5,Apply Mute ([BuildupCalculated]) to weapon.,1,potion,ItemTemplate_Alchemy_MuteFiend
description,Template/description_locString_2543871262668956605_6611526979a52bc44aad10dd374e8a55,Apply Slow ([BuildupCalculated]) to weapon.,1,potion,ItemTemplate_Alchemy_ViscousElixir
description,Template/description_locString_2543871262668956605_70950703d3587b347a933b46c4e65871,Resets your skill and stat points. ,1,potion,ItemTemplate_Alchemy_RespecPotion
description,Template/description_locString_2543871262668956605_7204b60d209ea2b4a86dfce59491295f,Increases how many times one can Dash without a penalty by [AddValueCalculated] for [DurationCalculated] seconds.,1,potion,ItemTemplate_Alchemy_RabbitJuice
description,Template/description_locString_2543871262668956605_72a7d6ae581ff324c90e5de5cde604a5,Consumption leads to inebriation.,1,food,ItemTemplate_Crafting_Alchemy_Cider
description,Template/description_locString_2543871262668956605_74711d86ce72e8b4e81f953de585f62f,Consumption leads to Fragileness.,1,potion,ItemTemplate_Alchemy_MerlinsStrength
description,Template/description_locString_2543871262668956605_76c11169710c7364ba217c37f521d28c,Permanently increase [Stat] by [IncreaseValue].,1,food,ItemTemplate_Crafting_Cooking_MysteriousSeeds
description,Template/description_locString_2543871262668956605_777b23c9a3271d54cab4dc4a0950d9a5,Heals [HealValueCalculated] [StatEnum] over [DurationCalculated] seconds.,1,potion,ItemTemplate_Alchemy_HealingTincture
description,Template/description_locString_2543871262668956605_789cc714247799441b071e018d6e83ee,Lose [HealValueCalculated] [StatEnum].,1,food,ItemTemplate_Crafting_Alchemy_MonsterBlood
description,Template/description_locString_2543871262668956605_78b1f5072c6fac643bad7183af6040cb,Increases [StatEnum] by [AddValueCalculated]% for [DurationCalculated_0] seconds.,1,potion,ItemTemplate_Alchemy_TenaciousArcher
description,Template/description_locString_2543871262668956605_7904ea5e2c61c104ab09099ef99ea2fa,Grants Haste.,1,potion,ItemTemplate_Alchemy_MonsterDialysisTonic
description,Template/description_locString_2543871262668956605_79c63e3762dc8f84a93496b1074dd244,"Coats weapon for [{BuffDuration}] seconds, inflicting <k=StatusBurn>Burn</k> build-up.",1,potion,ItemTemplate_CrazyConsumable_FlameResin
description,Template/description_locString_2543871262668956605_7b2c5ab64e18b8341be2663e9292af23,Increase [StatEnum] by [AddValueCalculated] for [Duration] seconds.,1,potion,ItemTemplate_Alchemy_CerebroSpinalWater
description,Template/description_locString_2543871262668956605_7e804de1e6fcd5443b2a275f638aae5b,Increases jump height by [AddValueCalculated:P0] for [DurationCalculated]s.,1,potion,ItemTemplate_Alchemy_LeaperPotion
description,Template/description_locString_2543871262668956605_7fd826aa85433fa49ae7c265d3296a56,Apply Slow ([BuildupCalculated]) to weapon.,1,potion,ItemTemplate_Alchemy_WitheringPoison
description,Template/description_locString_2543871262668956605_80f3f41350dc1234897e8a615a0bcd1a,Consumption leads to inebriation.,1,food,ItemTemplate_Crafting_Alchemy_Mead
description,Template/description_locString_2543871262668956605_83b7a9b181b6c8b4099fa49d579247ff,Consumption leads to Suffering.,1,food,ItemTemplate_Crafting_Alchemy_Wolfsbane
description,Template/description_locString_2543871262668956605_8443fe12b10d9f54ebe8f69e49d5e807,Apply Confusion ([BuildupCalculated]) to weapon.,1,potion,ItemTemplate_Alchemy_Vertigo
description,Template/description_locString_2543871262668956605_84672c5657be49c43b1f8554ecb861b6,"Increase [StatEnum_0] by [AddValueCalculated_0] for [DurationCalculated_0] seconds.
Decrease [StatEnum_1] by [LoseValueCalculated_1]% for [DurationCalculated_1] seconds.
Lose [HealValueCalculated_2] [StatEnum_2] over [DurationCalculated_2] seconds.",1,potion,ItemTemplate_Alchemy_OozingVapors
description,Template/description_locString_2543871262668956605_8699b0ce8312f12449558fea636b8878,,1,potion,ItemTemplate_ItemStory_HoS_HebersElixir
description,Template/description_locString_2543871262668956605_883de231faa29f54d8959c3b3c1bab88,"Increases [StatEnum] by [AddValueCalculated] for [DurationCalculated] seconds.
May have side effects.",1,potion,ItemTemplate_Alchemy_AntiAgingMedicine
description,Template/description_locString_2543871262668956605_884d3e7930ad62e45ae9819d42506232,Apply Weak ([BuildupCalculated]) to weapon.,1,potion,ItemTemplate_Alchemy_HeavyHeart
description,Template/description_locString_2543871262668956605_8d5e1f767a650f84780f4831e6e6ed7e,Consumption leads to inebriation.,1,potion,ItemTemplate_Alchemy_OrderlyTincture
description,Template/description_locString_2543871262668956605_8df141114b411974fb0e72aee5b6fb10,Increases Movement Speed by 20% for [Duration]s.,1,potion,ItemTemplate_Alchemy_KeepersVigor
description,Template/description_locString_2543871262668956605_8f5a0ea2b0ef4ec4aa251a22705c341b,Increases [StatEnum_0] at the cost of all other skills.,1,potion,ItemTemplate_Alchemy_Chaga
description,Template/description_locString_2543871262668956605_94513d3db8e6db44f80404fe24cb44f6,"Increase [StatEnum_0] by [AddValueCalculated_0] for [DurationCalculated_0] seconds.
Lose [HealValueCalculated_1] [StatEnum_1] over [DurationCalculated_1] seconds.",1,potion,ItemTemplate_Alchemy_OBraonainRoots
description,Template/description_locString_2543871262668956605_957efb01a6fd6e64981172b5cb6f44f8,Consumption leads to inebriation.,1,food,ItemTemplate_Crafting_Alchemy_Moonshine
description,Template/description_locString_2543871262668956605_9e49c3e9b772b2c42a13458d973e97cf,"Weaknes the user, but greatly enhances their [StatEnum] by [AddValueCalculated] for [DurationCalculated] seconds.",1,potion,ItemTemplate_Alchemy_PowderofSympathy
description,Template/description_locString_2543871262668956605_a1259b370108c7b4c9be40f8c9800465,,1,potion,ItemTemplate_Alchemy_IronWillPhilter
description,Template/description_locString_2543871262668956605_a293117b7d34aa34fb8cf9d4efa138b8,Consumption leads to Suffering.,1,food,ItemTemplate_Crafting_Alchemy_Mandrake
description,Template/description_locString_2543871262668956605_a5c85c299664eb949bcb9bcee35d8eb3,"Your arrows do not break on impact for [DurationCalculated]s, allowing you to always retrieve them.",1,potion,ItemTemplate_Alchemy_HuntersLuckPotion
description,Template/description_locString_2543871262668956605_a60aac746acf0014180326758216f94f,"Increases Endurance, but makes one Drunk.",1,potion,ItemTemplate_Alchemy_FortifyingBeverage
description,Template/description_locString_2543871262668956605_a976f8c8d2c63324f99a2eb43e43fd76,Increase [StatEnum] by [AddValueCalculated] for [DurationCalculated] seconds.,1,potion,ItemTemplate_Alchemy_SacredConcoction
description,Template/description_locString_2543871262668956605_aa17a317d745642438aac997b9de0831,Grants Bless.,1,potion,ItemTemplate_Alchemy_SacredElixir
description,Template/description_locString_2543871262668956605_ab07297436714e642bc069def0d444ae,Apply Confusion ([BuildupCalculated]) to weapon.,1,potion,ItemTemplate_Alchemy_NewbornBliss
description,Template/description_locString_2543871262668956605_ab73e6aa761e1784c9ed30feda83c68c,"Increase [StatEnum_0] by [AddValueCalculated_0] for [DurationCalculated_0] seconds.
Decrease [StatEnum_1] by [LoseValueCalculated_1] for [DurationCalculated_1] seconds.
Decrease [StatEnum_2] by [LoseValueCalculated_2] for [DurationCalculated_2] seconds.",1,potion,ItemTemplate_Alchemy_NoxiousSeaEye
description,Template/description_locString_2543871262668956605_ad1f47807374b614ab4fa638b54e96ff,"When receiving Damage, returns [AddValueCalculated:P0] of it back to attacker for [DurationCalculated] seconds.",1,potion,ItemTemplate_Alchemy_ThornyPotion
description,Template/description_locString_2543871262668956605_ae8228b967f022140b910d206846b7db,"Restores [HealValueCalculated:P0] [StatEnum], [HealValueCalculated_2:P0] [StatEnum_2], and [HealValueCalculated_3:P0] [StatEnum_3].",1,potion,ItemTemplate_Alchemy_BeesNectar
description,Template/description_locString_2543871262668956605_b02de9b4d21b7544b83f8daf72b17bf0,"Increases Endurance, but causes Poison.",1,potion,ItemTemplate_Alchemy_IronBack
description,Template/description_locString_2543871262668956605_b2359faa364389445a6cf54f9b30a41c,"Coats weapon, inflicting Weak build-up.",1,potion,ItemTemplate_CrazyConsumable_PurgingSteel
description,Template/description_locString_2543871262668956605_b27ae1e6c9df5514f9816d4833ff30fc,"Set [StatEnum_0] to [SetValueCalculated_0] for [DurationCalculated_0] seconds.
Increase [StatEnum_1] by [AddValueCalculated_1] for [DurationCalculated_1] seconds.",1,potion,ItemTemplate_Alchemy_TaintedRoseWater
description,Template/description_locString_2543871262668956605_bb296293b8bf193419be90080eadda56,Greatly increases Strength but makes the user extremely vulnerable.,1,potion,ItemTemplate_Alchemy_ThrillSeekersBrew
description,Template/description_locString_2543871262668956605_bc8223ff8c352d54eaa5bcf184f08c87,,1,food,ItemTemplate_Crafting_Alchemy_Grog
description,Template/description_locString_2543871262668956605_bce608222af360640b8f5a07b1fd41a4,"Restores 100% Health, 100% Mana, and 100% Stamina.",1,potion,ItemTemplate_Alchemy_QueensHoney
description,Template/description_locString_2543871262668956605_bf6b977fbf732d948b3c24920d303fe1,"Increase [StatEnum_0] by [AddValueCalculated_0] for [DurationCalculated_0] seconds.
Decrease [StatEnum_1] by [LoseValueCalculated_1] for [DurationCalculated_1] seconds.
Lose [HealValueCalculated_2] [StatEnum_2].",1,potion,ItemTemplate_Alchemy_ThirdEye
description,Template/description_locString_2543871262668956605_c01d46f1289ca7144bb6f6116fcb89aa,"Greatly reduces HP and Mana, but locks [Stat] at 100% for [DurationCalculated] seconds.",1,potion,ItemTemplate_Alchemy_LastStand
description,Template/description_locString_2543871262668956605_c2f4784d56f7dc746b9fd85b0d0c60c8,"Grants a Blessing of Sarras, making creatures of Sarras weaker for [DurationCalculated]s.",1,potion,ItemTemplate_Alchemy_SoS_BlessingOfSarrasInABottle
description,Template/description_locString_2543871262668956605_c423d5424b1c0bc4e8b6513e97c2790b,Increases [StatEnum] by [AddValueCalculated] over [DurationCalculated] seconds.,1,potion,ItemTemplate_Alchemy_WildvinePulp
description,Template/description_locString_2543871262668956605_c519f05667275fe478b4711a732ecacd,Lose [HealValueCalculated] [StatEnum].,1,food,ItemTemplate_Crafting_Alchemy_Bloodclot
description,Template/description_locString_2543871262668956605_c68e95cabfc4dc34aade52d6da7069fc,,1,food,ItemTemplate_Cooking_ZZZ_Generic_Trash
description,Template/description_locString_2543871262668956605_c7a252d84abdc16428bae2fba9766cf7,"Coats weapon, inflicting Confusion build-up.",1,potion,ItemTemplate_Alchemy_DreadfulMush
description,Template/description_locString_2543871262668956605_cd946316fed2889409f615d7055fbec3,,1,food,ItemTemplate_Crafting_Alchemy_Rum
description,Template/description_locString_2543871262668956605_cec941045634677458adffa421ef0ade,Apply Bleed ([BuildupCalculated]) to weapon.,1,potion,ItemTemplate_Alchemy_MouthfulofBlood
description,Template/description_locString_2543871262668956605_cf36111f68cfc3a4f87ee1f063d800ed,"Restores [HealValue] health over [Duration]s.
Restores [HealPercent]% of [StatEnum_1] over [DurationCalculated_0]s.",1,food,ItemTemplate_Crafting_Alchemy_MonsterBrain
description,Template/description_locString_2543871262668956605_cff249e86c28988458d402d6d4831146,"Decrease [StatEnum_0] by [LoseValueCalculated_0] for [DurationCalculated_0] seconds.
Increase [StatEnum_1] by [AddValueCalculated_1] for [DurationCalculated_1] seconds.",1,potion,ItemTemplate_Alchemy_MindOverMatter
description,Template/description_locString_2543871262668956605_d2a004637e74d234cb56541e6fc67884,Increases [StatEnum_0] at the cost of [StatEnum_1].,1,potion,ItemTemplate_Alchemy_WolfHunger
description,Template/description_locString_2543871262668956605_d2f03e9132d06fd40ab2297580882d64,"Coats weapon for [{BuffDuration}] seconds, inflicting <k=StatusChilled>Chill</k> build-up.",1,potion,ItemTemplate_CrazyConsumable_FoolsRush
description,Template/description_locString_2543871262668956605_d870cdfe134f50f4bb8a8c622622261b,"Coats weapon, inflicting Corruption build-up.",1,potion,ItemTemplate_Alchemy_CorrosiveBlood
description,Template/description_locString_2543871262668956605_da483068c96a91944a36dccf124db269,Apply Poison ([BuildupCalculated]) to weapon.,1,potion,ItemTemplate_Alchemy_CrimsonbaneVenom
description,Template/description_locString_2543871262668956605_da80d847687f5f345a2359e07fe184db,Restores [HealValueCalculated:P0] [StatEnum] and gets one Drunk.,1,potion,ItemTemplate_Alchemy_FaerieMush
description,Template/description_locString_2543871262668956605_db1f85652c5f41148bcbd00c8708a34a,Apply Confusion ([BuildupCalculated]) to weapon.,1,potion,ItemTemplate_Alchemy_DangerousMixture
description,Template/description_locString_2543871262668956605_dd2179f3f3a76114eaa2e93a9188096f,Apply Weak ([BuildupCalculated]) to weapon.,1,potion,ItemTemplate_Alchemy_BoundHeart
description,Template/description_locString_2543871262668956605_de842128ae26ceb45b6625190805c0d4,Heals [HealValueCalculated] [StatEnum] over [DurationCalculated] seconds.,1,potion,ItemTemplate_Alchemy_StomachicSecondVariant
description,Template/description_locString_2543871262668956605_e15d23819f794eb41b4f74588dca228d,Increase [StatEnum] by [AddValueCalculated] for [DurationCalculated] seconds.,1,potion,ItemTemplate_Alchemy_StagfatherBrew
description,Template/description_locString_2543871262668956605_e4a9cf55ffa27754daac6c45cf3d160b,Locks [Stat] at 100% for [DurationCalculated]s.,1,food,ItemTemplate_CrazyConsumable_EvilEye
description,Template/description_locString_2543871262668956605_e690c29745998964a8e7048db253a4e6,Increase [StatEnum] by [AddValueCalculated] for [DurationCalculated] seconds.,1,potion,ItemTemplate_Alchemy_KeenEye
description,Template/description_locString_2543871262668956605_e75e7b4a48a03a14f9ad05a7f7abc9ec,"Consumption reduces strength of your attacks.
Decrease [StatEnum_0] by [LoseValueCalculated_0] for [Duration_0] seconds.
Decrease [StatEnum_1] by [LoseValueCalculated_1] for [Duration_1] seconds.",1,potion,ItemTemplate_Alchemy_GardenersTonic
description,Template/description_locString_2543871262668956605_ea7dbae975ffe0740a7b41919dd68f5d,Applying to a weapon has a [ChanceToApply:P0] chance to inflict <k=StatusStun>Stun</k>.,1,potion,ItemTemplate_Alchemy_BloodcurdlingReagent
description,Template/description_locString_2543871262668956605_eaea6dd2e443d9a4ab0f2344504b5ffc,"Consumption leads to insobriety.
Decrease [StatEnum_0] by [LoseValueCalculated]% for [DurationCalculated_0] seconds.
Increase [StatEnum_1] by [AddValueCalculated] for [DurationCalculated_1] seconds.",1,potion,ItemTemplate_Alchemy_InnerFire
description,Template/description_locString_2543871262668956605_eb19a71b78d64c54997e76fc07ed1ac3,Consumption leads to inebriation.,1,food,ItemTemplate_Crafting_Alchemy_Spirit
description,Template/description_locString_2543871262668956605_ee28fc281073a4048b9822b552f56962,Allows you to breathe underwater for [DurationCalculated]s.,1,potion,ItemTemplate_Alchemy_SoS_GillsOfTheDeepUnderwater
description,Template/description_locString_2543871262668956605_eebf3b56fa783d44398471d9a64b31bb,Decreases stamina usage when drawing a Bow by [ModifyValueCalculated:P0] for [DurationCalculated]s.,1,potion,ItemTemplate_Alchemy_StagfathersTonic
description,Template/description_locString_2543871262668956605_eee12d0c959352b4bbd32c39a77cbe67,,1,potion,ItemTemplate_ItemStory_CT_MaggotTposeElixir
description,Template/description_locString_2543871262668956605_f2d0fcdb053f36b4c878f0b16cd5d01f,,1,potion,ItemTemplate_Alchemy_Serenity
description,Template/description_locString_2543871262668956605_f344a1665c1fc144db60455080ed1d6d,"This potion vastly increases your Strength, Endurance, Dexterity, Spirituality, Practicality, Perception, Damage, Critical Chance, Movement Speed, and Attack Speed, removes Mana and Stamina Costs from your actions, and renders you nigh-invincible for [Duration]s. It also kills you after it wears off.",1,potion,ItemTemplate_Alchemy_TheStrongestPotion
description,Template/description_locString_2543871262668956605_f71cfd5dd42bd4144b61d471022adb58,"Increase [StatEnum_0] by [AddValueCalculated_0] for [DurationCalculated_0] seconds.
Decrease [StatEnum_1] by [LoseValueCalculated_1]% for [DurationCalculated_1] seconds.",1,potion,ItemTemplate_Alchemy_UlfrTribesSpecialBrew
description,Template/description_locString_2543871262668956605_f9080409b9e4d9c4b9e8a4fed9195cd7,"Increase [StatEnum_0] by [AddValueCalculated_0] for [DurationCalculated_0] seconds.
Lose [HealValueCalculated_1] [StatEnum_1] over [DurationCalculated_1] seconds.",1,potion,ItemTemplate_Alchemy_ReasonandSoul
description,Template/description_locString_2543871262668956605_f9737715264d4764e888f5579504450b,"Restores [HealValue_0] health over [DurationCalculated_0]s.
Increases [StatEnum_1] by [AddValueCalculated_1] for [DurationCalculated_1]s.",1,food,ItemTemplate_Cooking_Custom_OnionBun
description,Template/description_locString_2543871262668956605_fbd347d265e701c44ae26a26d8536fa9,"Consumption leads to insobriety.
Increase [StatEnum_0] by [AddValueCalculated_0] for [DurationCalculated_0] seconds.
Lose [HealValueCalculated_1] [StatEnum_1] over [DurationCalculated_1] seconds.",1,potion,ItemTemplate_Alchemy_Wyrdsublime
description,Template/description_locString_2543871262668956605_fbf0ee568a89d6e48869b24a9bbd7026,"Increase [StatEnum_0] by [AddValueCalculated_0] for [DurationCalculated_0] seconds.
Decrease [StatEnum_1] by [LoseValueCalculated_1] for [DurationCalculated_1] seconds.",1,potion,ItemTemplate_Alchemy_PromiseofStorm
description,Template/description_locString_2543871262668956605_fd3d057e2c874ab4d9adfb14a5d2a3f8,Consumption leads to Salvation.,1,potion,ItemTemplate_Alchemy_DesolateOnesConsolation
description,description_generic_consumable_increasesummonstat,Increases [StatEnum] of your Summons by [ValueCalculated:P0] for [DurationCalculated]s.,1,potion,ItemTemplate_Alchemy_CallersGrace
description,description_generic_restorepercentofmaxstat,Restores [HealValueCalculated:P0] [StatEnum].,6,potion,ItemTemplate_Alchemy_AromaticRemedy | ItemTemplate_Alchemy_DigestionTincture | ItemTemplate_Alchemy_DruidsFriend | ItemTemplate_Alchemy_ManaElixir | ItemTemplate_Alchemy_SoS_HeadAboveWaterManaPercent | ItemTemplate_Alchemy_SoS_SeaLegsBrewHealthPercent
description,description_generic_restorestat,Restores [HealValueCalculated] [StatEnum].,15,food | potion,ItemTemplate_Alchemy_DisgustingHealthPotion | ItemTemplate_Alchemy_GreatHealthPotion | ItemTemplate_Alchemy_HealthPotion | ItemTemplate_Alchemy_ManaPotion | ItemTemplate_Alchemy_SmallHealthPotion | ItemTemplate_Alchemy_SmallManaPotion | ItemTemplate_Alchemy_SoS_KelpDecoctionBetterHealth | ItemTemplate_Alchemy_SoS_KelpInfusionHealth | ItemTemplate_Alchemy_SoS_LuminousSeawaterBetterMana | ItemTemplate_Alchemy_SoS_SparklingSeawaterMana | ItemTemplate_Alchemy_Stomachic | ItemTemplate_Alchemy_StrongHealthPotion | ItemTemplate_Alchemy_StrongManaPotion | ItemTemplate_Alchemy_ToothacheRemedy | ItemTemplate_Crafting_Alchemy_HealingButterfly
flavor,Template/flavor_locString_2543871262668956605_04266a72c491dc34daa8bda9c4f05206,Sometimes just one clean hit is enough.,1,potion,ItemTemplate_CrazyConsumable_BleederRogue
flavor,Template/flavor_locString_2543871262668956605_0a533f2f76213424f9897d258a588fda,,1,potion,ItemTemplate_CrazyConsumable_BleederRogue
flavor,Template/flavor_locString_2543871262668956605_0c406540e6e3410438bd37350fa274fb,Just the taste of spiritual power.,1,potion,ItemTemplate_Alchemy_SmallManaPotion
flavor,Template/flavor_locString_2543871262668956605_0cc9c8de97b4b584fb16dcc79a30cdd3,,2,food,ItemTemplate_Crafting_Alchemy_SnailSlime | ItemTemplate_Crafting_Alchemy_StrangeToe
flavor,Template/flavor_locString_2543871262668956605_0cea6bf069c429640931fd7fdc640223,This experience is meant to embody the essence of flavor transgression.,1,food,ItemTemplate_Cooking_Custom_SourHerringAndCheese
flavor,Template/flavor_locString_2543871262668956605_1337bcabaeb89ab4881cae7e0317246a,,3,food,ItemTemplate_Crafting_Cooking_Algae | ItemTemplate_Crafting_Cooking_Crab | ItemTemplate_Crafting_Cooking_Seaweed
flavor,Template/flavor_locString_2543871262668956605_1e9fbaa8ef6f96345972f4164519e903,,1,potion,ItemTemplate_Alchemy_SoS_KelpInfusionHealth
flavor,Template/flavor_locString_2543871262668956605_1eb1480545748764280e9ea3df05959b,Missing,1,potion,ItemTemplate_Alchemy_StrongHealingTincture
flavor,Template/flavor_locString_2543871262668956605_1fe532719467f854997c319ddeac57f0,,1,potion,ItemTemplate_Alchemy_SoS_LuminousSeawaterBetterMana
flavor,Template/flavor_locString_2543871262668956605_22b78e03b1a5b2f46be509218809838a,Smells like pure arcane energy and roses.,9,potion,ItemTemplate_Alchemy_AgileHunter | ItemTemplate_Alchemy_BloodSuckerPotion | ItemTemplate_Alchemy_GreatManaPotion | ItemTemplate_Alchemy_LeaperPotion | ItemTemplate_Alchemy_RabbitJuice | ItemTemplate_Alchemy_SlowfallPotion | ItemTemplate_Alchemy_SoS_MindLikeWaterMaxHealth | ItemTemplate_Alchemy_SoS_SoundAsABellMaxMana | ItemTemplate_Alchemy_ThornyPotion
flavor,Template/flavor_locString_2543871262668956605_235f7ed1994d1cc49b6e947c19fab873,,1,potion,ItemTemplate_Alchemy_ElixirOfYouth
flavor,Template/flavor_locString_2543871262668956605_2401daf603c7dea4996fd5be51eee651,,1,food,ItemTemplate_Crafting_Alchemy_SpoiledMeat
flavor,Template/flavor_locString_2543871262668956605_24227a141c98ea24398f90e97b51c033,Missing,1,potion,ItemTemplate_Alchemy_GreaterStagfatherBrew
flavor,Template/flavor_locString_2543871262668956605_24ee9fa008f31864bb1503a9583b7607,Most common druidic potion.,1,potion,ItemTemplate_Alchemy_ManaPotion
flavor,Template/flavor_locString_2543871262668956605_259846749625c19478642c3bd9364a93,Allows the warrior to regain their vigor just before the decisive fight.,1,potion,ItemTemplate_Alchemy_RejuvenationPotion
flavor,Template/flavor_locString_2543871262668956605_25fec1096702b6248ba146603ef5322b,,1,food,ItemTemplate_Crafting_Alchemy_Brain
flavor,Template/flavor_locString_2543871262668956605_26e8fad854345c044b327728037f3fa7,"If it stinks, cut off your nose. Problem solved. If it tastes foul, slice your tongue off. No taste, no complaints.",1,food,ItemTemplate_Consumable_Quest_GreatMistake
flavor,Template/flavor_locString_2543871262668956605_26ee21ac7445f5941855e34dfed2d70b,"Works almost as good against mages, as slitting their throats.",1,potion,ItemTemplate_Alchemy_SilentDraught
flavor,Template/flavor_locString_2543871262668956605_29de8192c5e756048970aa5ed178596d,Essential when escaping from Wyrdness aberrations.,1,potion,ItemTemplate_Alchemy_SwiftSteps
flavor,Template/flavor_locString_2543871262668956605_30be4a8bfca6a994d8f6ab6da199f84f,Missing,1,potion,ItemTemplate_Alchemy_HangmansBlood
flavor,Template/flavor_locString_2543871262668956605_34a437fae52f44c4ea5b4173a019b079,A strange druidic potion.,1,potion,ItemTemplate_Alchemy_DruidsTincture
flavor,Template/flavor_locString_2543871262668956605_38c6e42bc3d9a1b48af5687e0513bb59,,1,food,ItemTemplate_Crafting_Alchemy_Heart
flavor,Template/flavor_locString_2543871262668956605_393454d6bd221054cb3fbff112bbdfef,,1,food,ItemTemplate_Cooking_Custom_CheeseBallDoom
flavor,Template/flavor_locString_2543871262668956605_3bb217ff58f9cff40ba4adcca79e16e1,Missing,1,potion,ItemTemplate_Alchemy_FireintheBelly
flavor,Template/flavor_locString_2543871262668956605_44c2b2dee9443c2418e237374865fcd4,Used for healing flesh wounds.,1,potion,ItemTemplate_Alchemy_SmallHealthPotion
flavor,Template/flavor_locString_2543871262668956605_46af841360253864b9d5f91d28410f4e,A potion of the Dál Riata berserkers from the Theud tribe.,1,potion,ItemTemplate_Alchemy_MadDog
flavor,Template/flavor_locString_2543871262668956605_4fdfdfd353392814aba0c101353e333c,Nowadays it's made by alchemists rather than scraped off cursed wells.,1,potion,ItemTemplate_CrazyConsumable_MossfromaCursedWell
flavor,Template/flavor_locString_2543871262668956605_535a34c98b80fad49a7a0a17db8a7cd3,,1,food,ItemTemplate_Consumable_Quest_EtherbloomCrumble
flavor,Template/flavor_locString_2543871262668956605_54d4087cb88c5234db2b6f7b8f0ba0ef,Testing lorem ipsum this thing here bla bla bla  Testing lorem ipsum this thing here bla bla bla  Testing lorem ipsum this thing here bla bla bla ,1,potion,ItemTemplate_Alchemy_AmbiguousBlessingsPotion
flavor,Template/flavor_locString_2543871262668956605_5919764dc15c915479a90f05032a273f,,1,potion,ItemTemplate_Alchemy_TrickshotPotion
flavor,Template/flavor_locString_2543871262668956605_5e7e1c59660c0834e8b03b12f891685b,,1,food,ItemTemplate_Cooking_Custom_CheeseBun
flavor,Template/flavor_locString_2543871262668956605_5f0ac81d3381624409bbf69a47dc5c35,A potion created by people studying monsters.,1,potion,ItemTemplate_Alchemy_MonstrousDebris
flavor,Template/flavor_locString_2543871262668956605_5f83be37ddaa7fc44a50c5544d7bb94a,,1,food,ItemTemplate_Crafting_Alchemy_Wyrdmeat
flavor,Template/flavor_locString_2543871262668956605_5ff275913bfb2614dbeb30f2eaf5fc1d,A potion created by people studying monsters.,1,potion,ItemTemplate_Alchemy_IronBlood
flavor,Template/flavor_locString_2543871262668956605_68c1677f5f1d79a458b0ebc307a1d0d9,A potion the druids used to always keep close at hand.,3,potion,ItemTemplate_Alchemy_BeesNectar | ItemTemplate_Alchemy_DruidsFriend | ItemTemplate_Alchemy_QueensHoney
flavor,Template/flavor_locString_2543871262668956605_699f42bf4eca7d14295a6f71d84ac516,The most powerful healing potion capable of bringing someone back from the brink of death.,1,potion,ItemTemplate_Alchemy_GreatHealthPotion
flavor,Template/flavor_locString_2543871262668956605_70950703d3587b347a933b46c4e65871,,1,potion,ItemTemplate_Alchemy_RespecPotion
flavor,Template/flavor_locString_2543871262668956605_7325063ba41d2ff4a94a932d9406a7c7,,1,food,ItemTemplate_Crafting_Alchemy_UmbilicalCord
flavor,Template/flavor_locString_2543871262668956605_777b23c9a3271d54cab4dc4a0950d9a5,Common remedy for various ailments.,1,potion,ItemTemplate_Alchemy_HealingTincture
flavor,Template/flavor_locString_2543871262668956605_789cc714247799441b071e018d6e83ee,,1,food,ItemTemplate_Crafting_Alchemy_MonsterBlood
flavor,Template/flavor_locString_2543871262668956605_7904ea5e2c61c104ab09099ef99ea2fa,A potion based on the forbidden alchemy of viscera.,1,potion,ItemTemplate_Alchemy_MonsterDialysisTonic
flavor,Template/flavor_locString_2543871262668956605_79c63e3762dc8f84a93496b1074dd244,Some battles need a bit of a spark.,1,potion,ItemTemplate_CrazyConsumable_FlameResin
flavor,Template/flavor_locString_2543871262668956605_7a0082a19240bc246a6662f4ab70be89,Druidic potion for performing complex rituals.,3,potion,ItemTemplate_Alchemy_SoS_Quest_TheDiscreetRemedy | ItemTemplate_Alchemy_SoS_SparklingSeawaterMana | ItemTemplate_Alchemy_StrongManaPotion
flavor,Template/flavor_locString_2543871262668956605_7b2c5ab64e18b8341be2663e9292af23,,1,potion,ItemTemplate_Alchemy_CerebroSpinalWater
flavor,Template/flavor_locString_2543871262668956605_7c2f94b799b3bb745a11f9390a853917,,1,potion,ItemTemplate_Alchemy_SoS_FullSailMaxStamina
flavor,Template/flavor_locString_2543871262668956605_83b7a9b181b6c8b4099fa49d579247ff,,1,food,ItemTemplate_Crafting_Alchemy_Wolfsbane
flavor,Template/flavor_locString_2543871262668956605_8699b0ce8312f12449558fea636b8878,"A mysterious, experimental elixir by Jann Heber. Its effects are unknown. Consume at your own risk!",1,potion,ItemTemplate_ItemStory_HoS_HebersElixir
flavor,Template/flavor_locString_2543871262668956605_883de231faa29f54d8959c3b3c1bab88,,1,potion,ItemTemplate_Alchemy_AntiAgingMedicine
flavor,Template/flavor_locString_2543871262668956605_8df141114b411974fb0e72aee5b6fb10,A special potion invented by Jann Heber.,1,potion,ItemTemplate_Alchemy_KeepersVigor
flavor,Template/flavor_locString_2543871262668956605_8f5a0ea2b0ef4ec4aa251a22705c341b,A dangerous druidic potion.,1,potion,ItemTemplate_Alchemy_Chaga
flavor,Template/flavor_locString_2543871262668956605_9e49c3e9b772b2c42a13458d973e97cf,A dangerous druidic potion.,1,potion,ItemTemplate_Alchemy_PowderofSympathy
flavor,Template/flavor_locString_2543871262668956605_a2c6b5b4cbc44b741b5a743650140cba,,1,food,ItemTemplate_Cooking_Custom_CabbageRolls
flavor,Template/flavor_locString_2543871262668956605_a369d5ba18ee3bd47962716b0af82b1d,,1,food,ItemTemplate_Cooking_Custom_FriedFish
flavor,Template/flavor_locString_2543871262668956605_a5c85c299664eb949bcb9bcee35d8eb3,,1,potion,ItemTemplate_Alchemy_HuntersLuckPotion
flavor,Template/flavor_locString_2543871262668956605_a60aac746acf0014180326758216f94f,A potion made according to a druidic recipe.,1,potion,ItemTemplate_Alchemy_FortifyingBeverage
flavor,Template/flavor_locString_2543871262668956605_a68c02cd0c5ef4d4aa16535f37a7b908,,1,potion,ItemTemplate_Alchemy_SwiftHands
flavor,Template/flavor_locString_2543871262668956605_a8d04374b2268c443bff0632ab6839dc,,1,potion,ItemTemplate_Alchemy_CallersGrace
flavor,Template/flavor_locString_2543871262668956605_a976f8c8d2c63324f99a2eb43e43fd76,A mysterious potion of the druids.,1,potion,ItemTemplate_Alchemy_SacredConcoction
flavor,Template/flavor_locString_2543871262668956605_aa17a317d745642438aac997b9de0831,A potion that the druids didn't want to share with anyone else.,1,potion,ItemTemplate_Alchemy_SacredElixir
flavor,Template/flavor_locString_2543871262668956605_aa229c7d00512c44b9754c80602b3007,"A potion of the Dál Riata tribes, it works like most of their potions.",1,potion,ItemTemplate_Alchemy_Fireball
flavor,Template/flavor_locString_2543871262668956605_b02de9b4d21b7544b83f8daf72b17bf0,A potion created by people studying monsters.,1,potion,ItemTemplate_Alchemy_IronBack
flavor,Template/flavor_locString_2543871262668956605_b1c234f58c7ec91489a5f511687da8cb,Folk witchcraft. Intended for young lads who long for hours of passionate love.,1,potion,ItemTemplate_Alchemy_LovingWitchBrew
flavor,Template/flavor_locString_2543871262668956605_b1ddceda57b38ce43b1fb6d82483d35f,Most common druidic potion.,1,potion,ItemTemplate_Alchemy_HealthPotion
flavor,Template/flavor_locString_2543871262668956605_b2359faa364389445a6cf54f9b30a41c,It is not fighting dirty if your opponent is stronger than you in the first place.,1,potion,ItemTemplate_CrazyConsumable_PurgingSteel
flavor,Template/flavor_locString_2543871262668956605_b59e35fc64567bd40b36dbd7a97ef979,,5,potion,ItemTemplate_Alchemy_EssenceOfCold | ItemTemplate_Alchemy_EssenceOfFire | ItemTemplate_Alchemy_PrecisionPotion | ItemTemplate_Alchemy_RapidShooterMixture | ItemTemplate_Alchemy_TenaciousArcher
flavor,Template/flavor_locString_2543871262668956605_bb296293b8bf193419be90080eadda56,Potion of the Dál Riata.,1,potion,ItemTemplate_Alchemy_ThrillSeekersBrew
flavor,Template/flavor_locString_2543871262668956605_bb723c89ae600584a912d18471f9667b,It is like Health Potion but less watery.,1,potion,ItemTemplate_Alchemy_StrongHealthPotion
flavor,Template/flavor_locString_2543871262668956605_be9c83c0568b8444ca91a75bb46077f8,A common herbal-scented concoction. ,1,potion,ItemTemplate_Alchemy_AromaticRemedy
flavor,Template/flavor_locString_2543871262668956605_c01d46f1289ca7144bb6f6116fcb89aa,A potion of the Dál Riata Berserkers.,1,potion,ItemTemplate_Alchemy_LastStand
flavor,Template/flavor_locString_2543871262668956605_c2f4784d56f7dc746b9fd85b0d0c60c8,,2,potion,ItemTemplate_Alchemy_SoS_BlessingOfSarrasInABottle | ItemTemplate_Alchemy_SoS_SeaLegsBrewHealthPercent
flavor,Template/flavor_locString_2543871262668956605_c423d5424b1c0bc4e8b6513e97c2790b,A rare druidic potion.,1,potion,ItemTemplate_Alchemy_WildvinePulp
flavor,Template/flavor_locString_2543871262668956605_c519f05667275fe478b4711a732ecacd,,1,food,ItemTemplate_Crafting_Alchemy_Bloodclot
flavor,Template/flavor_locString_2543871262668956605_c51e5b5429c453e49827143b93fe07f5,,1,potion,ItemTemplate_Alchemy_ElixirOfFastWalking
flavor,Template/flavor_locString_2543871262668956605_c7a252d84abdc16428bae2fba9766cf7,"A bit of toxin can confuse one so much, that they forget who is a friend and who is an enemy.",1,potion,ItemTemplate_Alchemy_DreadfulMush
flavor,Template/flavor_locString_2543871262668956605_c7e3248fb4abf5e488959b1a78ba31ae,,1,food,ItemTemplate_Crafting_Alchemy_Rose
flavor,Template/flavor_locString_2543871262668956605_cf36111f68cfc3a4f87ee1f063d800ed,,1,food,ItemTemplate_Crafting_Alchemy_MonsterBrain
flavor,Template/flavor_locString_2543871262668956605_d244af69749dc8d4ea3e8a69de965c3d,,1,food,ItemTemplate_Cooking_Custom_FriedCheese
flavor,Template/flavor_locString_2543871262668956605_d2a004637e74d234cb56541e6fc67884,Potion used mostly by the Ulfr tribe of the Dál Riata.,1,potion,ItemTemplate_Alchemy_WolfHunger
flavor,Template/flavor_locString_2543871262668956605_d2f03e9132d06fd40ab2297580882d64,Haste makes waste.,1,potion,ItemTemplate_CrazyConsumable_FoolsRush
flavor,Template/flavor_locString_2543871262668956605_d772bbcb53ac48843b658466550cb8a1,The best medicine for stomach ache.,1,potion,ItemTemplate_Alchemy_Stomachic
flavor,Template/flavor_locString_2543871262668956605_d7d1024b956559d45999866fbfba04dc,,1,potion,ItemTemplate_Alchemy_SoS_KelpDecoctionBetterHealth
flavor,Template/flavor_locString_2543871262668956605_d870cdfe134f50f4bb8a8c622622261b,It smells like the iron it bites into.,1,potion,ItemTemplate_Alchemy_CorrosiveBlood
flavor,Template/flavor_locString_2543871262668956605_da80d847687f5f345a2359e07fe184db,Druidic healing potion that makes people tipsy even though it contains no alcohol.,1,potion,ItemTemplate_Alchemy_FaerieMush
flavor,Template/flavor_locString_2543871262668956605_de842128ae26ceb45b6625190805c0d4,The best medicine for stomach ache.,1,potion,ItemTemplate_Alchemy_StomachicSecondVariant
flavor,Template/flavor_locString_2543871262668956605_ea7dbae975ffe0740a7b41919dd68f5d,Missing,1,potion,ItemTemplate_Alchemy_BloodcurdlingReagent
flavor,Template/flavor_locString_2543871262668956605_ec695d600e5b37143a2adce4da531809,,1,potion,ItemTemplate_Alchemy_PlentifulResourcePotion
flavor,Template/flavor_locString_2543871262668956605_edad7eed355a9c94985dd83f0be00b55,,1,food,ItemTemplate_Crafting_Alchemy_BurdockRoot
flavor,Template/flavor_locString_2543871262668956605_ee28fc281073a4048b9822b552f56962,,1,potion,ItemTemplate_Alchemy_SoS_GillsOfTheDeepUnderwater
flavor,Template/flavor_locString_2543871262668956605_eebf3b56fa783d44398471d9a64b31bb,,1,potion,ItemTemplate_Alchemy_StagfathersTonic
flavor,Template/flavor_locString_2543871262668956605_eee12d0c959352b4bbd32c39a77cbe67,Supposedly for a curse. Smells weird. Looks weird. Drinking may cause a burning sensation.,1,potion,ItemTemplate_ItemStory_CT_MaggotTposeElixir
flavor,Template/flavor_locString_2543871262668956605_f344a1665c1fc144db60455080ed1d6d,"This potion will kill a dragon, let alone a man.",1,potion,ItemTemplate_Alchemy_TheStrongestPotion
flavor,Template/flavor_locString_2543871262668956605_f46517d4c870eee4cb6873aba99f97c5,,1,food,ItemTemplate_Crafting_Cooking_Cabbage
flavor,Template/flavor_locString_2543871262668956605_f602390f7567ce544b4154fdbb7fbcad,,1,potion,ItemTemplate_Alchemy_VigorTea
flavor,Template/flavor_locString_2543871262668956605_f7b7ff9cbc421a847b1822bead4b4cc2,Folk remedy used to cure problems with digestion.,1,potion,ItemTemplate_Alchemy_DigestionTincture
flavor,Template/flavor_locString_2543871262668956605_f9737715264d4764e888f5579504450b,,1,food,ItemTemplate_Cooking_Custom_OnionBun
flavor,Template/flavor_locString_2543871262668956605_f9c36d379b9b9bc4fa6a5df6a5afdcea,The favorite potion among Kamelot's spellcasters.,2,potion,ItemTemplate_Alchemy_ManaElixir | ItemTemplate_Alchemy_SoS_HeadAboveWaterManaPercent
flavor,Template/flavor_locString_2543871262668956605_fd3d057e2c874ab4d9adfb14a5d2a3f8,Missing,1,potion,ItemTemplate_Alchemy_DesolateOnesConsolation
name,ItemTemplate_Alchemy_BlessingOfSarras,Blessing in a Bottle,1,potion,ItemTemplate_Alchemy_SoS_BlessingOfSarrasInABottle
name,Template/itemName_2543871262668956605_1f3bc2d6162840e46b540e4b7eaf9561,Slowfall Potion,1,potion,ItemTemplate_Alchemy_SlowfallPotion
name,Template/itemName_2543871262668956605_590758b136a36284cb09c6b2a745124c,Blood Sucker Potion,1,potion,ItemTemplate_Alchemy_BloodSuckerPotion
name,Template/itemName_2543871262668956605_5919764dc15c915479a90f05032a273f,Trickshot Potion,1,potion,ItemTemplate_Alchemy_TrickshotPotion
name,Template/itemName_2543871262668956605_7204b60d209ea2b4a86dfce59491295f,Rabbit Juice,1,potion,ItemTemplate_Alchemy_RabbitJuice
name,Template/itemName_2543871262668956605_7e804de1e6fcd5443b2a275f638aae5b,Leaper Potion,1,potion,ItemTemplate_Alchemy_LeaperPotion
name,Template/itemName_2543871262668956605_8699b0ce8312f12449558fea636b8878,Heber's Elixir,1,potion,ItemTemplate_ItemStory_HoS_HebersElixir
name,Template/itemName_2543871262668956605_a5c85c299664eb949bcb9bcee35d8eb3,Hunter’s Luck Potion,1,potion,ItemTemplate_Alchemy_HuntersLuckPotion
name,Template/itemName_2543871262668956605_a68c02cd0c5ef4d4aa16535f37a7b908,Swift Hands,1,potion,ItemTemplate_Alchemy_SwiftHands
name,Template/itemName_2543871262668956605_ad1f47807374b614ab4fa638b54e96ff,Thorny Potion,1,potion,ItemTemplate_Alchemy_ThornyPotion
name,Template/itemName_2543871262668956605_b59e35fc64567bd40b36dbd7a97ef979,Precision Potion,1,potion,ItemTemplate_Alchemy_PrecisionPotion
name,Template/itemName_2543871262668956605_ec695d600e5b37143a2adce4da531809,Plentiful Resource Potion,1,potion,ItemTemplate_Alchemy_PlentifulResourcePotion
name,Template/itemName_2543871262668956605_eebf3b56fa783d44398471d9a64b31bb,Stagfather’s Tonic,1,potion,ItemTemplate_Alchemy_StagfathersTonic
name,Template/itemName_2543871262668956605_eee12d0c959352b4bbd32c39a77cbe67,Concoction for a Curse,1,potion,ItemTemplate_ItemStory_CT_MaggotTposeElixir
name,Template/itemName_2543871262668956605_f344a1665c1fc144db60455080ed1d6d,The Strongest Potion,1,potion,ItemTemplate_Alchemy_TheStrongestPotion
name,item_ElixirOfYouth,Elixir of Youth,1,potion,ItemTemplate_Alchemy_ElixirOfYouth
name,item_consumable_EtherbloomScramble,Heiko’s Crumble,1,food,ItemTemplate_Consumable_Quest_EtherbloomCrumble
name,item_consumable_GreatMistake,Great Mistake,1,food,ItemTemplate_Consumable_Quest_GreatMistake
name,item_crafing_alchemy_animalcomponent_HealingButterfly,Healing Butterfly,1,food,ItemTemplate_Crafting_Alchemy_HealingButterfly
name,item_crafting_alchemy_EvilEye,Evil Eye,1,food,ItemTemplate_CrazyConsumable_EvilEye
name,item_crafting_alchemy_SnailSlime,Snail Slime,1,food,ItemTemplate_Crafting_Alchemy_SnailSlime
name,item_crafting_alchemy_UmbilicalCord,Umbilical Cord,1,food,ItemTemplate_Crafting_Alchemy_UmbilicalCord
name,item_crafting_alchemy_living_Brain_Normal,Brain,1,food,ItemTemplate_Crafting_Alchemy_Brain
name,item_crafting_alchemy_living_Heart_Normal,Heart,1,food,ItemTemplate_Crafting_Alchemy_Heart
name,item_crafting_alchemy_living_MonsterBrain_Normal,Monster Brain,1,food,ItemTemplate_Crafting_Alchemy_MonsterBrain
name,item_crafting_cooking_food_Ale,Ale,1,food,ItemTemplate_Crafting_Alchemy_Ale
name,item_crafting_cooking_food_Algae,Algae,1,food,ItemTemplate_Crafting_Cooking_Algae
name,item_crafting_cooking_food_Apple,Apple,1,food,ItemTemplate_Crafting_Cooking_Apple
name,item_crafting_cooking_food_BeefMeat,Beef,1,food,ItemTemplate_Crafting_Cooking_Beef
name,item_crafting_cooking_food_Bloodclot,Bloodclot,1,food,ItemTemplate_Crafting_Alchemy_Bloodclot
name,item_crafting_cooking_food_Blueberry,Blueberry,1,food,ItemTemplate_Crafting_Cooking_Blueberry
name,item_crafting_cooking_food_Brittlegill ,Brittlegill,1,food,ItemTemplate_Crafting_Alchemy_Brittlegill
name,item_crafting_cooking_food_BurdockRoot,Burdock Root,1,food,ItemTemplate_Crafting_Alchemy_BurdockRoot
name,item_crafting_cooking_food_Butter,Butter,1,food,ItemTemplate_Crafting_Cooking_Butter
name,item_crafting_cooking_food_Cabbage,Cabbage,1,food,ItemTemplate_Crafting_Cooking_Cabbage
name,item_crafting_cooking_food_CanineMeat,Canine Meat,1,food,ItemTemplate_Crafting_Cooking_CanineMeat
name,item_crafting_cooking_food_Carnation,Carnation,1,food,ItemTemplate_Crafting_Alchemy_Carnation
name,item_crafting_cooking_food_Carrot,Carrot,1,food,ItemTemplate_Crafting_Cooking_Carrot
name,item_crafting_cooking_food_Chanterelle,Chanterelle,1,food,ItemTemplate_Crafting_Alchemy_Chanterelle
name,item_crafting_cooking_food_CheesePiece,Cheese,1,food,ItemTemplate_Crafting_Cooking_Cheese
name,item_crafting_cooking_food_Crab,Crab,1,food,ItemTemplate_Crafting_Cooking_Crab
name,item_crafting_cooking_food_Daffodil,Daffodil,1,food,ItemTemplate_Crafting_Alchemy_Daffodil
name,item_crafting_cooking_food_DevilsSnare,Devils Snare,1,food,ItemTemplate_Crafting_Alchemy_DevilsSnare
name,item_crafting_cooking_food_Egg,Egg,1,food,ItemTemplate_Crafting_Cooking_Egg
name,item_crafting_cooking_food_Etherbloom,Etherbloom,1,food,ItemTemplate_Crafting_Alchemy_Etherbloom
name,item_crafting_cooking_food_FishEye,Fish Eye,2,food,ItemTemplate_Crafting_Alchemy_FishEye | ItemTemplate_Crafting_Alchemy_FishEye 1
name,item_crafting_cooking_food_FishGeneric,Fish Fillet,1,food,ItemTemplate_Crafting_Cooking_FishGeneric
name,item_crafting_cooking_food_Flour,Flour,1,food,ItemTemplate_Crafting_Cooking_Flour
name,item_crafting_cooking_food_Garlic,Garlic,1,food,ItemTemplate_Crafting_Cooking_Garlic
name,item_crafting_cooking_food_Groats,Groats,1,food,ItemTemplate_Crafting_Cooking_Groats
name,item_crafting_cooking_food_Honey,Honey,1,food,ItemTemplate_Crafting_Cooking_Honey
name,item_crafting_cooking_food_KingTrumpet,King Trumpet,1,food,ItemTemplate_Crafting_Alchemy_KingTrumpet
name,item_crafting_cooking_food_Lettuce,Lettuce,1,food,ItemTemplate_Crafting_Cooking_Lettuce
name,item_crafting_cooking_food_Mandrake,Mandrake,1,food,ItemTemplate_Crafting_Alchemy_Mandrake
name,item_crafting_cooking_food_Milk,Milk,1,food,ItemTemplate_Crafting_Cooking_Milk
name,item_crafting_cooking_food_Milkweed,Milkweed,1,food,ItemTemplate_Crafting_Alchemy_Milkweed
name,item_crafting_cooking_food_Mistletoe,Mistletoe,1,food,ItemTemplate_Crafting_Alchemy_Mistletoe
name,item_crafting_cooking_food_MonsterBlood,Monster Blood,1,food,ItemTemplate_Crafting_Alchemy_MonsterBlood
name,item_crafting_cooking_food_MysteriousSeeds,Mysterious Seeds,1,food,ItemTemplate_Crafting_Cooking_MysteriousSeeds
name,item_crafting_cooking_food_Oats,Oats,1,food,ItemTemplate_Crafting_Cooking_Oats
name,item_crafting_cooking_food_Onion,Onion,1,food,ItemTemplate_Crafting_Cooking_Onion
name,item_crafting_cooking_food_Parsley,Parsley,1,food,ItemTemplate_Crafting_Cooking_Parsley
name,item_crafting_cooking_food_PennyBun,Penny Bun,1,food,ItemTemplate_Crafting_Alchemy_PennyBun
name,item_crafting_cooking_food_Peppermint,Peppermint,1,food,ItemTemplate_Crafting_Alchemy_Peppermint
name,item_crafting_cooking_food_Pork,Pork,1,food,ItemTemplate_Crafting_Cooking_Pork
name,item_crafting_cooking_food_Potato,Potato,1,food,ItemTemplate_Crafting_Cooking_Potato
name,item_crafting_cooking_food_Poultry,Poultry,1,food,ItemTemplate_Crafting_Cooking_Poultry
name,item_crafting_cooking_food_Raspberry,Raspberry,1,food,ItemTemplate_Crafting_Cooking_Raspberry
name,item_crafting_cooking_food_Rose,Rose,1,food,ItemTemplate_Crafting_Alchemy_Rose
name,item_crafting_cooking_food_Rosemary,Rosemary,1,food,ItemTemplate_Crafting_Alchemy_Rosemary
name,item_crafting_cooking_food_Sage,Sage,1,food,ItemTemplate_Crafting_Alchemy_Sage
name,item_crafting_cooking_food_Seaweed,Seaweed,1,food,ItemTemplate_Crafting_Cooking_Seaweed
name,item_crafting_cooking_food_SheepsHead,Sheep's Head,1,food,ItemTemplate_Crafting_Alchemy_SheepsHead
name,item_crafting_cooking_food_SpoiledMeat,Spoiled Meat,1,food,ItemTemplate_Crafting_Alchemy_SpoiledMeat
name,item_crafting_cooking_food_StrangeToe,Strange Toe,1,food,ItemTemplate_Crafting_Alchemy_StrangeToe
name,item_crafting_cooking_food_SweetTooth,Sweet Tooth,1,food,ItemTemplate_Crafting_Alchemy_SweetTooth
name,item_crafting_cooking_food_Tomato,Tomato,1,food,ItemTemplate_Crafting_Cooking_Tomato
name,item_crafting_cooking_food_Venison,Venison,1,food,ItemTemplate_Crafting_Cooking_Venison
name,item_crafting_cooking_food_WhiteButton,White Button,1,food,ItemTemplate_Crafting_Alchemy_WhiteButton
name,item_crafting_cooking_food_Wolfsbane,Wolfsbane,1,food,ItemTemplate_Crafting_Alchemy_Wolfsbane
name,item_crafting_cooking_food_WyrdVenison,Wyrd Venison,1,food,ItemTemplate_Crafting_Cooking_WyrdVenison
name,item_crafting_cooking_food_Wyrdmeat,Wyrdmeat,1,food,ItemTemplate_Crafting_Alchemy_Wyrdmeat
name,item_crafting_cooking_food_Wyrdplasm,Wyrdplasm,1,food,ItemTemplate_Crafting_Alchemy_Wyrdplasm
name,item_craftingresults_alchemy_AgileHunter,Agile Hunter,1,potion,ItemTemplate_Alchemy_AgileHunter
name,item_craftingresults_alchemy_AmbiguousBlessingsPotion,Ambiguous Blessings Potion,1,potion,ItemTemplate_Alchemy_AmbiguousBlessingsPotion
name,item_craftingresults_alchemy_AntiAgingMedicine,Anti-Aging Medicine,1,potion,ItemTemplate_Alchemy_AntiAgingMedicine
name,item_craftingresults_alchemy_Antidote,Antidote,1,potion,ItemTemplate_Alchemy_Antidote
name,item_craftingresults_alchemy_AromaticRemedy,Aromatic Remedy,1,potion,ItemTemplate_Alchemy_AromaticRemedy
name,item_craftingresults_alchemy_BloodcurdlingReagent,Bloodcurdling Reagent,1,potion,ItemTemplate_Alchemy_BloodcurdlingReagent
name,item_craftingresults_alchemy_BoundHeart,Bound Heart,1,potion,ItemTemplate_Alchemy_BoundHeart
name,item_craftingresults_alchemy_CallersGrace,Caller’s Grace,1,potion,ItemTemplate_Alchemy_CallersGrace
name,item_craftingresults_alchemy_CerebroSpinalWater,Cerebro-Spinal Water,1,potion,ItemTemplate_Alchemy_CerebroSpinalWater
name,item_craftingresults_alchemy_Chaga,Chaga,1,potion,ItemTemplate_Alchemy_Chaga
name,item_craftingresults_alchemy_CorrosiveBlood,Corrosive Blood,1,potion,ItemTemplate_Alchemy_CorrosiveBlood
name,item_craftingresults_alchemy_CrimsonbaneVenom,Crimsonbane Venom,1,potion,ItemTemplate_Alchemy_CrimsonbaneVenom
name,item_craftingresults_alchemy_DangerousMixture,Dangerous Mixture,1,potion,ItemTemplate_Alchemy_DangerousMixture
name,item_craftingresults_alchemy_DesolateOnesConsolation,Desolate One's Consolation,1,potion,ItemTemplate_Alchemy_DesolateOnesConsolation
name,item_craftingresults_alchemy_DigestionTincture,Digestion Tincture,1,potion,ItemTemplate_Alchemy_DigestionTincture
name,item_craftingresults_alchemy_DisgustingHealthPotion,Disgusting Health Potion,1,potion,ItemTemplate_Alchemy_DisgustingHealthPotion
name,item_craftingresults_alchemy_DraughtofParalysis,Draught of Paralysis,1,potion,ItemTemplate_Alchemy_DraughtofParalysis
name,item_craftingresults_alchemy_DreadfulMush,Dreadful Mush,1,potion,ItemTemplate_Alchemy_DreadfulMush
name,item_craftingresults_alchemy_DruidsFriend,Druid's Friend,1,potion,ItemTemplate_Alchemy_DruidsFriend
name,item_craftingresults_alchemy_DruidsTincture,Druid's Tincture,1,potion,ItemTemplate_Alchemy_DruidsTincture
name,item_craftingresults_alchemy_DrunkWolf,Drunk Wolf,1,potion,ItemTemplate_Alchemy_DrunkWolf
name,item_craftingresults_alchemy_ElixirOfFastWalking,Elixir of Fast Walking,1,potion,ItemTemplate_Alchemy_ElixirOfFastWalking
name,item_craftingresults_alchemy_EssenceOfCold,Essence of Cold,1,potion,ItemTemplate_Alchemy_EssenceOfCold
name,item_craftingresults_alchemy_EssenceOfFire,Essence of Fire,1,potion,ItemTemplate_Alchemy_EssenceOfFire
name,item_craftingresults_alchemy_FaerieMush,Faerie Mush,1,potion,ItemTemplate_Alchemy_FaerieMush
name,item_craftingresults_alchemy_Fireball,Fireball,1,potion,ItemTemplate_Alchemy_Fireball
name,item_craftingresults_alchemy_FireintheBelly,Fire in the Belly,1,potion,ItemTemplate_Alchemy_FireintheBelly
name,item_craftingresults_alchemy_FortifyingBeverage,Fortifying Beverage,1,potion,ItemTemplate_Alchemy_FortifyingBeverage
name,item_craftingresults_alchemy_GardenersTonic,Gardener's Tonic,1,potion,ItemTemplate_Alchemy_GardenersTonic
name,item_craftingresults_alchemy_GrandmasPowermilk,Grandma's Powermilk,1,food,ItemTemplate_Cooking_Custom_GrandmasPowermilk
name,item_craftingresults_alchemy_GreatHealthPotion,Great Health Potion,1,potion,ItemTemplate_Alchemy_GreatHealthPotion
name,item_craftingresults_alchemy_GreatManaPotion,Great Mana Potion,1,potion,ItemTemplate_Alchemy_GreatManaPotion
name,item_craftingresults_alchemy_GreaterStagfatherBrew,Greater Stagfather Brew,1,potion,ItemTemplate_Alchemy_GreaterStagfatherBrew
name,item_craftingresults_alchemy_GrindylowsWits,Grindylow's Wits,1,potion,ItemTemplate_Alchemy_GrindylowsWits
name,item_craftingresults_alchemy_HangmansBlood,Hangman's Blood,1,potion,ItemTemplate_Alchemy_HangmansBlood
name,item_craftingresults_alchemy_HangmansFruitDecoction,Hangman's Fruit Decoction,1,potion,ItemTemplate_Alchemy_HangmansFruitDecoction
name,item_craftingresults_alchemy_HealingTincture,Healing Tincture,1,potion,ItemTemplate_Alchemy_HealingTincture
name,item_craftingresults_alchemy_HealthPotion,Health Potion,1,potion,ItemTemplate_Alchemy_HealthPotion
name,item_craftingresults_alchemy_Heartburn,Heartburn,1,potion,ItemTemplate_Alchemy_Heartburn
name,item_craftingresults_alchemy_HeavyHeart,Heavy Heart,1,potion,ItemTemplate_Alchemy_HeavyHeart
name,item_craftingresults_alchemy_InnerFire,Inner Fire,1,potion,ItemTemplate_Alchemy_InnerFire
name,item_craftingresults_alchemy_IronBack,Iron Back,1,potion,ItemTemplate_Alchemy_IronBack
name,item_craftingresults_alchemy_IronBlood,Iron Blood,1,potion,ItemTemplate_Alchemy_IronBlood
name,item_craftingresults_alchemy_IronWillPhilter,Iron Will Philter,1,potion,ItemTemplate_Alchemy_IronWillPhilter
name,item_craftingresults_alchemy_KeenEye,Keen Eye,1,potion,ItemTemplate_Alchemy_KeenEye
name,item_craftingresults_alchemy_LastDitchEffort,Last-Ditch Effort,1,potion,ItemTemplate_Alchemy_LastDitchEffort
name,item_craftingresults_alchemy_LastStand,Last Stand,1,potion,ItemTemplate_Alchemy_LastStand
name,item_craftingresults_alchemy_LiquidConcussion,Liquid Concussion,1,potion,ItemTemplate_Alchemy_LiquidConcussion
name,item_craftingresults_alchemy_LiquidGrace,Liquid Grace,1,potion,ItemTemplate_Alchemy_LiquidGrace
name,item_craftingresults_alchemy_LivingFlesh,Living Flesh,1,potion,ItemTemplate_Alchemy_LivingFlesh
name,item_craftingresults_alchemy_LovingWitchBrew,Loving Witch Brew,1,potion,ItemTemplate_Alchemy_LovingWitchBrew
name,item_craftingresults_alchemy_MadDog,Mad Dog,1,potion,ItemTemplate_Alchemy_MadDog
name,item_craftingresults_alchemy_ManaElixir,Mana Elixir,1,potion,ItemTemplate_Alchemy_ManaElixir
name,item_craftingresults_alchemy_ManaPotion,Mana Potion,1,potion,ItemTemplate_Alchemy_ManaPotion
name,item_craftingresults_alchemy_MerlinsStrength,Merlin's Strength,1,potion,ItemTemplate_Alchemy_MerlinsStrength
name,item_craftingresults_alchemy_MindOverMatter,Mind Over Matter,1,potion,ItemTemplate_Alchemy_MindOverMatter
name,item_craftingresults_alchemy_MonsterDialysisTonic,Monster Dialysis Tonic,1,potion,ItemTemplate_Alchemy_MonsterDialysisTonic
name,item_craftingresults_alchemy_MonstrousDebris,Monstrous Debris,1,potion,ItemTemplate_Alchemy_MonstrousDebris
name,item_craftingresults_alchemy_MouthfulofBlood,Mouthful of Blood,1,potion,ItemTemplate_Alchemy_MouthfulofBlood
name,item_craftingresults_alchemy_MuteFiend,Mute Fiend,1,potion,ItemTemplate_Alchemy_MuteFiend
name,item_craftingresults_alchemy_NewbornBliss,Newborn Bliss,1,potion,ItemTemplate_Alchemy_NewbornBliss
name,item_craftingresults_alchemy_NoxiousSeaEye,Noxious Sea Eye,1,potion,ItemTemplate_Alchemy_NoxiousSeaEye
name,item_craftingresults_alchemy_OBraonainRoots,Ó Braonáin Roots,1,potion,ItemTemplate_Alchemy_OBraonainRoots
name,item_craftingresults_alchemy_OgresStrength,Ogre's Strength,1,potion,ItemTemplate_Alchemy_OgresStrength
name,item_craftingresults_alchemy_OozingVapors,Oozing Vapors,1,potion,ItemTemplate_Alchemy_OozingVapors
name,item_craftingresults_alchemy_OrderlyTincture,Orderly Tincture,1,potion,ItemTemplate_Alchemy_OrderlyTincture
name,item_craftingresults_alchemy_PoisonousCoating,Poisonous Coating,1,potion,ItemTemplate_Alchemy_PoisonousCoating
name,item_craftingresults_alchemy_PowderofSympathy,Powder of Sympathy,1,potion,ItemTemplate_Alchemy_PowderofSympathy
name,item_craftingresults_alchemy_PromiseofSpring,Promise of Spring,1,potion,ItemTemplate_Alchemy_PromiseofSpring
name,item_craftingresults_alchemy_PromiseofStorm,Promise of Storm,1,potion,ItemTemplate_Alchemy_PromiseofStorm
name,item_craftingresults_alchemy_RapidShooterMixture,Rapid Shooter‘s Mixture,1,potion,ItemTemplate_Alchemy_RapidShooterMixture
name,item_craftingresults_alchemy_ReasonandSoul,Reason and Soul,1,potion,ItemTemplate_Alchemy_ReasonandSoul
name,item_craftingresults_alchemy_RejuvenationPotion,Rejuvenation Potion,1,potion,ItemTemplate_Alchemy_RejuvenationPotion
name,item_craftingresults_alchemy_ResidueStrength,Residue Strength,1,potion,ItemTemplate_Alchemy_ResidueStrength
name,item_craftingresults_alchemy_RustbaneBrew,Rustbane Brew,1,potion,ItemTemplate_Alchemy_RustbaneBrew
name,item_craftingresults_alchemy_SacredConcoction,Sacred Concoction,1,potion,ItemTemplate_Alchemy_SacredConcoction
name,item_craftingresults_alchemy_SacredElixir,Sacred Elixir,1,potion,ItemTemplate_Alchemy_SacredElixir
name,item_craftingresults_alchemy_SarrasBetterHealth,Kelp Decoction,1,potion,ItemTemplate_Alchemy_SoS_KelpDecoctionBetterHealth
name,item_craftingresults_alchemy_SarrasBetterMana,Luminous Seawater,1,potion,ItemTemplate_Alchemy_SoS_LuminousSeawaterBetterMana
name,item_craftingresults_alchemy_SarrasHealth,Kelp Infusion,1,potion,ItemTemplate_Alchemy_SoS_KelpInfusionHealth
name,item_craftingresults_alchemy_SarrasMana,Sparkling Seawater,1,potion,ItemTemplate_Alchemy_SoS_SparklingSeawaterMana
name,item_craftingresults_alchemy_SarrasManaElixir,Head Above Water,1,potion,ItemTemplate_Alchemy_SoS_HeadAboveWaterManaPercent
name,item_craftingresults_alchemy_SarrasMaxHealth,Mind Like Water,1,potion,ItemTemplate_Alchemy_SoS_MindLikeWaterMaxHealth
name,item_craftingresults_alchemy_SarrasMaxMana,Sound as a Bell,1,potion,ItemTemplate_Alchemy_SoS_SoundAsABellMaxMana
name,item_craftingresults_alchemy_SarrasMaxStamina,Full Sail,1,potion,ItemTemplate_Alchemy_SoS_FullSailMaxStamina
name,item_craftingresults_alchemy_SarrasPercentHealth,Sea Legs Brew,1,potion,ItemTemplate_Alchemy_SoS_SeaLegsBrewHealthPercent
name,item_craftingresults_alchemy_Serenity,Serenity,1,potion,ItemTemplate_Alchemy_Serenity
name,item_craftingresults_alchemy_SilentDraught,Silent Draught,1,potion,ItemTemplate_Alchemy_SilentDraught
name,item_craftingresults_alchemy_SmallHealthPotion,Small Health Potion,1,potion,ItemTemplate_Alchemy_SmallHealthPotion
name,item_craftingresults_alchemy_SmallManaPotion,Small Mana Potion,1,potion,ItemTemplate_Alchemy_SmallManaPotion
name,item_craftingresults_alchemy_SmallStaminaPotion,Small Stamina Potion,1,food,ItemTemplate_Alchemy_SmallStaminaPotion
name,item_craftingresults_alchemy_SneakyFishermansDraught,Sneaky Fisherman's Draught,1,potion,ItemTemplate_Alchemy_SneakyFishermansDraught
name,item_craftingresults_alchemy_SoothingBalm,Soothing Balm,1,potion,ItemTemplate_Alchemy_SoothingBalm
name,item_craftingresults_alchemy_StagfatherBrew,Stagfather Brew,1,potion,ItemTemplate_Alchemy_StagfatherBrew
name,item_craftingresults_alchemy_Stomachic,Stomachic,2,potion,ItemTemplate_Alchemy_Stomachic | ItemTemplate_Alchemy_StomachicSecondVariant
name,item_craftingresults_alchemy_StrongHealingTincture,Strong Healing Tincture,1,potion,ItemTemplate_Alchemy_StrongHealingTincture
name,item_craftingresults_alchemy_StrongHealthPotion,Strong Health Potion,1,potion,ItemTemplate_Alchemy_StrongHealthPotion
name,item_craftingresults_alchemy_StrongManaPotion,Strong Mana Potion,1,potion,ItemTemplate_Alchemy_StrongManaPotion
name,item_craftingresults_alchemy_SwiftSteps,Swift Steps,1,potion,ItemTemplate_Alchemy_SwiftSteps
name,item_craftingresults_alchemy_TaintedRoseWater,Tainted Rose Water,1,potion,ItemTemplate_Alchemy_TaintedRoseWater
name,item_craftingresults_alchemy_TangledThoughts,Tangled Thoughts,1,potion,ItemTemplate_Alchemy_TangledThoughts
name,item_craftingresults_alchemy_TenaciousArcher,Tenacious Archer,1,potion,ItemTemplate_Alchemy_TenaciousArcher
name,item_craftingresults_alchemy_TheDiscreetRemedy,The Discreet Remedy,1,potion,ItemTemplate_Alchemy_SoS_Quest_TheDiscreetRemedy
name,item_craftingresults_alchemy_TheudTribesGuide,Theud Tribe's Guide,1,potion,ItemTemplate_Alchemy_TheudTribesGuide
name,item_craftingresults_alchemy_ThirdEye,Third Eye,1,potion,ItemTemplate_Alchemy_ThirdEye
name,item_craftingresults_alchemy_ThrillSeekersBrew,Thrill-Seeker's Brew,1,potion,ItemTemplate_Alchemy_ThrillSeekersBrew
name,item_craftingresults_alchemy_TongueTwister,Tongue Twister,1,potion,ItemTemplate_Alchemy_TongueTwister
name,item_craftingresults_alchemy_ToothacheRemedy,Toothache Remedy,1,potion,ItemTemplate_Alchemy_ToothacheRemedy
name,item_craftingresults_alchemy_ToxicRelationship,Toxic Relationship,1,potion,ItemTemplate_Alchemy_ToxicRelationship
name,item_craftingresults_alchemy_Trash,Botched Potion,1,potion,ItemTemplate_Alchemy_ZZZ_Trash
name,item_craftingresults_alchemy_UlfrTribesSpecialBrew,Ùlfr Tribe's Special Brew,1,potion,ItemTemplate_Alchemy_UlfrTribesSpecialBrew
name,item_craftingresults_alchemy_UnderwaterPotion,Gills of the Deep,1,potion,ItemTemplate_Alchemy_SoS_GillsOfTheDeepUnderwater
name,item_craftingresults_alchemy_Vertigo,Vertigo,1,potion,ItemTemplate_Alchemy_Vertigo
name,item_craftingresults_alchemy_VigorTea,Vigor Tea,1,potion,ItemTemplate_Alchemy_VigorTea
name,item_craftingresults_alchemy_ViscousElixir,Viscous Elixir,1,potion,ItemTemplate_Alchemy_ViscousElixir
name,item_craftingresults_alchemy_WildvinePulp,Wildvine Pulp,1,potion,ItemTemplate_Alchemy_WildvinePulp
name,item_craftingresults_alchemy_WitheringPoison,Withering Poison,1,potion,ItemTemplate_Alchemy_WitheringPoison
name,item_craftingresults_alchemy_WolfHunger,Wolf Hunger,1,potion,ItemTemplate_Alchemy_WolfHunger
name,item_craftingresults_alchemy_Wyrdsublime,Wyrdsublime,1,potion,ItemTemplate_Alchemy_Wyrdsublime
name,item_craftingresults_alchemy_beesnectar,Bee Nectar,1,potion,ItemTemplate_Alchemy_BeesNectar
name,item_craftingresults_alchemy_igniteSword,Ignite Sword,1,potion,ItemTemplate_Alchemy_Buff_IgniteSword
name,item_craftingresults_alchemy_queenshoney,Queen’s Honey,1,potion,ItemTemplate_Alchemy_QueensHoney
name,item_craftingresults_cooking_AppleFritters,Apple Fritters,1,food,ItemTemplate_Cooking_Custom_AppleFritters
name,item_craftingresults_cooking_AppleOatmeal,Apple Oatmeal,1,food,ItemTemplate_Cooking_Custom_AppleOatmeal
name,item_craftingresults_cooking_BeefStew,Beef Stew,1,food,ItemTemplate_Cooking_Custom_BeefStew
name,item_craftingresults_cooking_BeggarsFare,Beggar's Fare,1,food,ItemTemplate_Cooking_Custom_BeggarsFare
name,item_craftingresults_cooking_Brandy,Whisky,1,food,ItemTemplate_Crafting_Alchemy_Brandy
name,item_craftingresults_cooking_Bread,Bread,1,food,ItemTemplate_Cooking_Generic_Bread
name,item_craftingresults_cooking_Broth,Broth,1,food,ItemTemplate_Cooking_Custom_Broth
name,item_craftingresults_cooking_CabbageRolls,Cabbage Rolls,1,food,ItemTemplate_Cooking_Custom_CabbageRolls
name,item_craftingresults_cooking_CheeseBallDoom,Cheese Ball of Doom,1,food,ItemTemplate_Cooking_Custom_CheeseBallDoom
name,item_craftingresults_cooking_CheeseBun,Cheese Bun,1,food,ItemTemplate_Cooking_Custom_CheeseBun
name,item_craftingresults_cooking_CheesePie,Cheese Pie,1,food,ItemTemplate_Cooking_Custom_CheesePie
name,item_craftingresults_cooking_Cider,Cider,1,food,ItemTemplate_Crafting_Alchemy_Cider
name,item_craftingresults_cooking_CookedFruits,Cooked Fruits,1,food,ItemTemplate_Cooking_ZZZ_Generic_CookedFruits
name,item_craftingresults_cooking_CookedMeat,Cooked Meat,1,food,ItemTemplate_Cooking_ZZZ_Generic_CookedMeat
name,item_craftingresults_cooking_CookedSeafood,Cooked Seafood,1,food,ItemTemplate_Cooking_ZZZ_Generic_CookedSeafood
name,item_craftingresults_cooking_CookedVegetable,Cooked Vegetable,1,food,ItemTemplate_Cooking_ZZZ_Generic_CookedVegetable
name,item_craftingresults_cooking_CottagePie,Cottage Pie,1,food,ItemTemplate_Cooking_Custom_CottagePie
name,item_craftingresults_cooking_CoughSyrup,Cough Syrup,1,food,ItemTemplate_Cooking_Custom_CoughSyrup
name,item_craftingresults_cooking_Custard,Custard,1,food,ItemTemplate_Cooking_Custom_Custard
name,item_craftingresults_cooking_DamnGoodFish,Damn Good Fish,1,food,ItemTemplate_Cooking_Custom_DamnGoodFish
name,item_craftingresults_cooking_DeepSeaTangle,Deep-Sea Tangle,1,food,ItemTemplate_Cooking_Custom_SoS_DeepSeaTangle
name,item_craftingresults_cooking_FineWine,Fine Wine,1,food,ItemTemplate_Crafting_Alchemy_Fine_Wine
name,item_craftingresults_cooking_FishSoup,Fish Soup,1,food,ItemTemplate_Cooking_Custom_FishSoup
name,item_craftingresults_cooking_FishStew,Fish Stew,1,food,ItemTemplate_Cooking_Custom_SoS_FishStew
name,item_craftingresults_cooking_FishermansBreath,Fishermans Breath,1,food,ItemTemplate_Cooking_Custom_FishermansBreath
name,item_craftingresults_cooking_Foodstuff,Undercooked Food,5,food,ItemTemplate_Cooking_Generic_Foodstuff_1 | ItemTemplate_Cooking_Generic_Foodstuff_2 | ItemTemplate_Cooking_Generic_Foodstuff_3 | ItemTemplate_Cooking_Generic_Foodstuff_4 | ItemTemplate_Cooking_Generic_Foodstuff_5
name,item_craftingresults_cooking_Foodstuff_Delicious,Delicious Food,4,food,ItemTemplate_Cooking_Generic_Foodstuff_Delicious_1 | ItemTemplate_Cooking_Generic_Foodstuff_Delicious_2 | ItemTemplate_Cooking_Generic_Foodstuff_Delicious_3 | ItemTemplate_Cooking_Generic_Foodstuff_Delicious_4
name,item_craftingresults_cooking_Foodstuff_Tasty,Tasty Food,5,food,ItemTemplate_Cooking_Generic_Foodstuff_Tasty_1 | ItemTemplate_Cooking_Generic_Foodstuff_Tasty_2 | ItemTemplate_Cooking_Generic_Foodstuff_Tasty_3 | ItemTemplate_Cooking_Generic_Foodstuff_Tasty_4 | ItemTemplate_Cooking_Generic_Foodstuff_Tasty_5
name,item_craftingresults_cooking_FriedCheese,Fried Cheese,1,food,ItemTemplate_Cooking_Custom_FriedCheese
name,item_craftingresults_cooking_FriedFish,Fried Fish,1,food,ItemTemplate_Cooking_Custom_FriedFish
name,item_craftingresults_cooking_FriedPotatoesAndOnions,Fried Potatoes And Onions,1,food,ItemTemplate_Cooking_Custom_FriedPotatoesAndOnions
name,item_craftingresults_cooking_GrandmasSecret,Grandma's Secret,1,food,ItemTemplate_Cooking_Custom_GrandmasSecret
name,item_craftingresults_cooking_Grog,Grog,1,food,ItemTemplate_Crafting_Alchemy_Grog
name,item_craftingresults_cooking_HeartyOmelet,Hearty Omelet,1,food,ItemTemplate_Cooking_Custom_HeartyOmelet
name,item_craftingresults_cooking_HoneyedApples,Honeyed Apples,1,food,ItemTemplate_Cooking_Custom_HoneyedApples
name,item_craftingresults_cooking_HuntersDelicacy,Hunters Delicacy,1,food,ItemTemplate_Cooking_Custom_HuntersDelicacy
name,item_craftingresults_cooking_HuntersStew,Hunters Stew,1,food,ItemTemplate_Cooking_Custom_HuntersStew
name,item_craftingresults_cooking_KamelotsDelicacy,Kamelot Delicacy,1,food,ItemTemplate_Cooking_Custom_KamelotsDelicacy
name,item_craftingresults_cooking_MashedPotatoes,Mashed Potatoes,1,food,ItemTemplate_Cooking_Custom_MashedPotatoes
name,item_craftingresults_cooking_Mead,Mead,1,food,ItemTemplate_Crafting_Alchemy_Mead
name,item_craftingresults_cooking_Noodles,Noodles,1,food,ItemTemplate_Cooking_Custom_Noodles
name,item_craftingresults_cooking_Oatmeal,Oatmeal,1,food,ItemTemplate_Cooking_Custom_Oatmeal
name,item_craftingresults_cooking_OatmealMilk,Oatmeal with Milk,1,food,ItemTemplate_Cooking_Custom_OatmealMilk
name,item_craftingresults_cooking_OnionBun,Onion Bun,1,food,ItemTemplate_Cooking_Custom_OnionBun
name,item_craftingresults_cooking_Pancake,Pancake,1,food,ItemTemplate_Cooking_Custom_Pancake
name,item_craftingresults_cooking_PeasantsStew,Peasant's Stew,1,food,ItemTemplate_Cooking_Custom_PeasantsStew
name,item_craftingresults_cooking_PorkAspic,Pork Aspic,1,food,ItemTemplate_Cooking_Custom_PorkAspic
name,item_craftingresults_cooking_PoultryStew,Poultry Stew,1,food,ItemTemplate_Cooking_Custom_PoultryStew
name,item_craftingresults_cooking_ReefboundsDelight,Reefbound’s Delight,1,food,ItemTemplate_Cooking_Custom_SoS_ReefboundsDelight
name,item_craftingresults_cooking_Roast,Roast,1,food,ItemTemplate_Cooking_Custom_Roast
name,item_craftingresults_cooking_Rum,Rum,1,food,ItemTemplate_Crafting_Alchemy_Rum
name,item_craftingresults_cooking_SailorsRevenge,Sailor’s Revenge,1,food,ItemTemplate_Cooking_Custom_SoS_SailorsRevenge
name,item_craftingresults_cooking_SarrasBloodSausage,Sarras Blood Sausage,1,food,ItemTemplate_Cooking_Custom_SoS_SarrasBloodSausage_Quest
name,item_craftingresults_cooking_Scones,Scones,1,food,ItemTemplate_Cooking_Custom_Scones
name,item_craftingresults_cooking_ScrambledEggsMeat,Scrambled Eggs with Meat,1,food,ItemTemplate_Cooking_Custom_ScrambledEggsMeat
name,item_craftingresults_cooking_ScrambledEggsVegetables,Scrambled Eggs with Vegetables,1,food,ItemTemplate_Cooking_Custom_ScrambledEggsVegetables
name,item_craftingresults_cooking_SeaSalad,Sea Salad,1,food,ItemTemplate_Cooking_Custom_SoS_SeaSalad
name,item_craftingresults_cooking_SeaSoup,Sea Soup,1,food,ItemTemplate_Cooking_Custom_SoS_SeaSoup
name,item_craftingresults_cooking_SeaweedCake,Seaweed Cake,1,food,ItemTemplate_Cooking_Custom_SoS_SeaweedCake_Quest
name,item_craftingresults_cooking_SewalsDelight,Sewals Delight,1,food,ItemTemplate_Cooking_Custom_SewalsDelight
name,item_craftingresults_cooking_Shortbread,Shortbread,1,food,ItemTemplate_Cooking_Custom_Shortbread
name,item_craftingresults_cooking_SimpleMeal,Simple Meal,1,food,ItemTemplate_Cooking_Custom_SimpleMeal
name,item_craftingresults_cooking_Slop,Inedible Slop,1,food,ItemTemplate_Cooking_ZZZ_Generic_Trash
name,item_craftingresults_cooking_SourHerringAndCheese,Sour Herring and Cheese,1,food,ItemTemplate_Cooking_Custom_SourHerringAndCheese
name,item_craftingresults_cooking_SouthernStyleCrab,Southern Style Crab,1,food,ItemTemplate_Cooking_Custom_SouthernStyleCrab
name,item_craftingresults_cooking_Spirit,Spirit,1,food,ItemTemplate_Crafting_Alchemy_Spirit
name,item_craftingresults_cooking_SwarmOfViridianWailcaps,Swarm of Viridian Wailcaps,1,food,ItemTemplate_Cooking_Custom_SoS_SwamOfViridianWailcaps
name,item_craftingresults_cooking_TheKraken,The Kraken,1,food,ItemTemplate_Cooking_Custom_TheKraken
name,item_craftingresults_cooking_VenisonStew,Venison Stew,1,food,ItemTemplate_Cooking_Custom_VenisonStew
name,item_craftingresults_cooking_Vodka,Moonshine,1,food,ItemTemplate_Crafting_Alchemy_Moonshine
name,item_craftingresults_cooking_Wine,Wine,2,food,ItemTemplate_Crafting_Alchemy_Wine | ItemTemplate_Crafting_Alchemy_Wine_Blueberry
name,item_craftingresults_cooking_WyrddeerStew,Wyrddeer Stew,1,food,ItemTemplate_Cooking_Custom_WyrddeerStew
name,item_crazyconsumable_BleederRogue,Bleeder Rogue,1,potion,ItemTemplate_CrazyConsumable_BleederRogue
name,item_crazyconsumable_FlameResin,Flame Resin,1,potion,ItemTemplate_CrazyConsumable_FlameResin
name,item_crazyconsumable_FoolsRush,Fool's Rush,1,potion,ItemTemplate_CrazyConsumable_FoolsRush
name,item_crazyconsumable_MossfromaCursedWell,Moss from a Cursed Well,1,potion,ItemTemplate_CrazyConsumable_MossfromaCursedWell
name,item_crazyconsumable_PurgingSteel,Purging Steel,1,potion,ItemTemplate_CrazyConsumable_PurgingSteel
name,item_keepersvigor,Keeper's Vigor,1,potion,ItemTemplate_Alchemy_KeepersVigor
name,item_special_alchemy_respecPotion,Origin Potion,1,potion,ItemTemplate_Alchemy_RespecPotion
